"2026","明治安田J1百年構想 EASTグループ","第１節第１日","2026/02/06","2026-02-06T19:00:00+09:00","横浜FM","vs","町田","日産ス","","ＤＡＺＮ"
"2026","明治安田J1百年構想 WESTグループ","第１節第１日","2026/02/06","2026-02-06T19:00:00+09:00","京都","vs","神戸","サンガＳ","","ＤＡＺＮ"
"2026","明治安田J1百年構想 WESTグループ","第１節第１日","2026/02/06","2026-02-06T19:00:00+09:00","長崎","vs","広島","ピースタ","","ＤＡＺＮ"
"2026","明治安田J1百年構想 EASTグループ","第１節第２日","2026/02/07","2026-02-07T13:00:00+09:00","千葉","vs","浦和","フクアリ","","ＤＡＺＮ／ＮＨＫ ＢＳ"
"2026","明治安田J1百年構想 EASTグループ","第１節第２日","2026/02/07","2026-02-07T13:30:00+09:00","FC東京","vs","鹿島","味スタ","","ＤＡＺＮ／日本テレビ系全国ネット"
"2026","明治安田J1百年構想 WESTグループ","第１節第２日","2026/02/07","2026-02-07T16:00:00+09:00","C大阪","vs","G大阪","ヤンマー","","ＤＡＺＮ"
"2026","明治安田J2・J3百年構想 EAST-Aグループ","第１節第１日","2026/02/07","2026-02-07T14:00:00+09:00","栃木C","vs","仙台","ＣＦＳ","","ＤＡＺＮ"
"2026","明治安田J2・J3百年構想 EAST-Aグループ","第１節第１日","2026/02/07","2026-02-07T14:00:00+09:00","横浜FC","vs","山形","ニッパツ","","ＤＡＺＮ"
"2026","明治安田J2・J3百年構想 EAST-Aグループ","第１節第１日","2026/02/07","2026-02-07T14:00:00+09:00","湘南","vs","秋田","レモンＳ","","ＤＡＺＮ"
"2026","明治安田J2・J3百年構想 EAST-Bグループ","第１節第１日","2026/02/07","2026-02-07T14:00:00+09:00","大宮","vs","松本","ＮＡＣＫ","","ＤＡＺＮ"
"2026","明治安田J2・J3百年構想 EAST-Bグループ","第１節第１日","2026/02/07","2026-02-07T14:00:00+09:00","甲府","vs","福島","ＪＩＴス","","ＤＡＺＮ"
"2026","明治安田J2・J3百年構想 EAST-Bグループ","第１節第１日","2026/02/07","2026-02-07T14:00:00+09:00","磐田","vs","長野","ヤマハ","","ＤＡＺＮ"
"2026","明治安田J2・J3百年構想 WEST-Aグループ","第１節第１日","2026/02/07","2026-02-07T14:00:00+09:00","奈良","vs","徳島","ロートＦ","","ＤＡＺＮ"
"2026","明治安田J2・J3百年構想 WEST-Bグループ","第１節第１日","2026/02/07","2026-02-07T14:00:00+09:00","北九州","vs","鳥取","ミクスタ","","ＤＡＺＮ"
"2026","明治安田J1百年構想 EASTグループ","第１節第３日","2026/02/08","2026-02-08T15:00:00+09:00","川崎F","vs","柏","Ｕ等々力","","ＤＡＺＮ"
"2026","明治安田J1百年構想 EASTグループ","第１節第３日","2026/02/08","2026-02-08T16:00:00+09:00","東京V","vs","水戸","味スタ","","ＤＡＺＮ"
"2026","明治安田J1百年構想 WESTグループ","第１節第３日","2026/02/08","2026-02-08T13:05:00+09:00","福岡","vs","岡山","ベススタ","","ＤＡＺＮ／ＮＨＫ福岡"
"2026","明治安田J1百年構想 WESTグループ","第１節第３日","2026/02/08","2026-02-08T14:00:00+09:00","名古屋","vs","清水","豊田ス","","ＤＡＺＮ"
"2026","明治安田J2・J3百年構想 EAST-Aグループ","第１節第２日","2026/02/08","2026-02-08T14:00:00+09:00","栃木SC","vs","八戸","カンセキ","","ＤＡＺＮ"
"2026","明治安田J2・J3百年構想 EAST-Aグループ","第１節第２日","2026/02/08","2026-02-08T14:00:00+09:00","相模原","vs","群馬","ギオンス","","ＤＡＺＮ"
"2026","明治安田J2・J3百年構想 EAST-Bグループ","第１節第２日","2026/02/08","2026-02-08T13:30:00+09:00","藤枝","vs","岐阜","藤枝サ","","ＤＡＺＮ／静岡第一テレビ"
"2026","明治安田J2・J3百年構想 EAST-Bグループ","第１節第２日","2026/02/08","2026-02-08T14:00:00+09:00","いわき","vs","札幌","ハワスタ","","ＤＡＺＮ"
"2026","明治安田J2・J3百年構想 WEST-Aグループ","第１節第２日","2026/02/08","2026-02-08T13:05:00+09:00","愛媛","vs","新潟","ニンスタ","","ＤＡＺＮ／ＮＨＫ新潟"
"2026","明治安田J2・J3百年構想 WEST-Aグループ","第１節第２日","2026/02/08","2026-02-08T14:00:00+09:00","FC大阪","vs","讃岐","花園","","ＤＡＺＮ"
"2026","明治安田J2・J3百年構想 WEST-Aグループ","第１節第２日","2026/02/08","2026-02-08T14:00:00+09:00","今治","vs","金沢","アシさと","","ＤＡＺＮ"
"2026","明治安田J2・J3百年構想 WEST-Aグループ","第１節第２日","2026/02/08","2026-02-08T14:00:00+09:00","高知","vs","富山","ギケンス","","ＤＡＺＮ／ＮＨＫ高知／ＮＨＫ富山"
"2026","明治安田J2・J3百年構想 WEST-Bグループ","第１節第２日","2026/02/08","2026-02-08T13:00:00+09:00","熊本","vs","山口","えがおＳ","","ＤＡＺＮ"
"2026","明治安田J2・J3百年構想 WEST-Bグループ","第１節第２日","2026/02/08","2026-02-08T14:00:00+09:00","大分","vs","滋賀","クラド","","ＤＡＺＮ"
"2026","明治安田J2・J3百年構想 WEST-Bグループ","第１節第２日","2026/02/08","2026-02-08T14:00:00+09:00","鹿児島","vs","宮崎","白波スタ","","ＤＡＺＮ"
"2026","明治安田J2・J3百年構想 WEST-Bグループ","第１節第２日","2026/02/08","2026-02-08T14:00:00+09:00","琉球","vs","鳥栖","沖縄県陸","","ＤＡＺＮ"
"2026","明治安田J1百年構想 WESTグループ","第２節第１日","2026/02/13","2026-02-13T19:00:00+09:00","神戸","vs","長崎","ノエスタ","","ＤＡＺＮ"
"2026","明治安田J1百年構想 EASTグループ","第２節第１日","2026/02/14","2026-02-14T14:00:00+09:00","町田","vs","水戸","Ｇスタ","","ＤＡＺＮ"
"2026","明治安田J1百年構想 EASTグループ","第２節第１日","2026/02/14","2026-02-14T15:00:00+09:00","鹿島","vs","横浜FM","メルスタ","","ＤＡＺＮ"
"2026","明治安田J1百年構想 EASTグループ","第２節第１日","2026/02/14","2026-02-14T15:00:00+09:00","FC東京","vs","浦和","味スタ","","ＤＡＺＮ"
"2026","明治安田J1百年構想 WESTグループ","第２節第２日","2026/02/14","2026-02-14T14:00:00+09:00","清水","vs","京都","アイスタ","","ＤＡＺＮ／テレビ静岡"
"2026","明治安田J1百年構想 WESTグループ","第２節第２日","2026/02/14","2026-02-14T14:00:00+09:00","広島","vs","岡山","Ｅピース","","ＤＡＺＮ／広島ホームテレビ"
"2026","明治安田J2・J3百年構想 EAST-Aグループ","第２節第１日","2026/02/14","2026-02-14T14:00:00+09:00","群馬","vs","八戸","正田スタ","","ＤＡＺＮ"
"2026","明治安田J2・J3百年構想 EAST-Aグループ","第２節第１日","2026/02/14","2026-02-14T14:00:00+09:00","横浜FC","vs","仙台","ニッパツ","","ＤＡＺＮ"
"2026","明治安田J2・J3百年構想 EAST-Aグループ","第２節第１日","2026/02/14","2026-02-14T14:00:00+09:00","湘南","vs","相模原","レモンＳ","","ＤＡＺＮ"
"2026","明治安田J2・J3百年構想 EAST-Bグループ","第２節第１日","2026/02/14","2026-02-14T14:00:00+09:00","大宮","vs","札幌","ＮＡＣＫ","","ＤＡＺＮ"
"2026","明治安田J2・J3百年構想 EAST-Bグループ","第２節第１日","2026/02/14","2026-02-14T14:00:00+09:00","甲府","vs","長野","ＪＩＴス","","ＤＡＺＮ"
"2026","明治安田J2・J3百年構想 EAST-Bグループ","第２節第１日","2026/02/14","2026-02-14T14:00:00+09:00","藤枝","vs","松本","藤枝サ","","ＤＡＺＮ"
"2026","明治安田J2・J3百年構想 WEST-Aグループ","第２節第１日","2026/02/14","2026-02-14T14:00:00+09:00","奈良","vs","今治","ロートＦ","","ＤＡＺＮ"
"2026","明治安田J1百年構想 EASTグループ","第２節第２日","2026/02/15","2026-02-15T13:00:00+09:00","千葉","vs","川崎F","フクアリ","","ＤＡＺＮ"
"2026","明治安田J1百年構想 EASTグループ","第２節第２日","2026/02/15","2026-02-15T14:00:00+09:00","柏","vs","東京V","三協Ｆ柏","","ＤＡＺＮ"
"2026","明治安田J1百年構想 WESTグループ","第２節第３日","2026/02/15","2026-02-15T15:00:00+09:00","福岡","vs","C大阪","ベススタ","","ＤＡＺＮ"
"2026","明治安田J1百年構想 WESTグループ","第２節第３日","2026/02/15","2026-02-15T16:00:00+09:00","G大阪","vs","名古屋","パナスタ","","ＤＡＺＮ"
"2026","明治安田J2・J3百年構想 EAST-Aグループ","第２節第２日","2026/02/15","2026-02-15T14:00:00+09:00","栃木SC","vs","山形","カンセキ","","ＤＡＺＮ"
"2026","明治安田J2・J3百年構想 EAST-Aグループ","第２節第２日","2026/02/15","2026-02-15T14:00:00+09:00","栃木C","vs","秋田","ＣＦＳ","","ＤＡＺＮ"
"2026","明治安田J2・J3百年構想 EAST-Bグループ","第２節第２日","2026/02/15","2026-02-15T13:00:00+09:00","いわき","vs","福島","ハワスタ","","ＤＡＺＮ／福島中央テレビ"
"2026","明治安田J2・J3百年構想 EAST-Bグループ","第２節第２日","2026/02/15","2026-02-15T14:00:00+09:00","岐阜","vs","磐田","長良川","","ＤＡＺＮ"
"2026","明治安田J2・J3百年構想 WEST-Aグループ","第２節第２日","2026/02/15","2026-02-15T14:00:00+09:00","FC大阪","vs","高知","花園","","ＤＡＺＮ"
"2026","明治安田J2・J3百年構想 WEST-Aグループ","第２節第２日","2026/02/15","2026-02-15T14:00:00+09:00","讃岐","vs","富山","メグスタ","","ＤＡＺＮ"
"2026","明治安田J2・J3百年構想 WEST-Aグループ","第２節第２日","2026/02/15","2026-02-15T14:00:00+09:00","徳島","vs","新潟","鳴門大塚","","ＤＡＺＮ"
"2026","明治安田J2・J3百年構想 WEST-Aグループ","第２節第２日","2026/02/15","2026-02-15T14:00:00+09:00","愛媛","vs","金沢","ニンスタ","","ＤＡＺＮ"
"2026","明治安田J2・J3百年構想 WEST-Bグループ","第２節第１日","2026/02/15","2026-02-15T14:00:00+09:00","山口","vs","滋賀","みらスタ","","ＤＡＺＮ"
"2026","明治安田J2・J3百年構想 WEST-Bグループ","第２節第１日","2026/02/15","2026-02-15T14:00:00+09:00","鳥栖","vs","熊本","駅スタ","","ＤＡＺＮ"
"2026","明治安田J2・J3百年構想 WEST-Bグループ","第２節第１日","2026/02/15","2026-02-15T14:00:00+09:00","大分","vs","北九州","クラド","","ＤＡＺＮ"
"2026","明治安田J2・J3百年構想 WEST-Bグループ","第２節第１日","2026/02/15","2026-02-15T14:00:00+09:00","宮崎","vs","鳥取","いちご","","ＤＡＺＮ"
"2026","明治安田J2・J3百年構想 WEST-Bグループ","第２節第１日","2026/02/15","2026-02-15T14:00:00+09:00","鹿児島","vs","琉球","白波スタ","","ＤＡＺＮ"
"2026","明治安田J1百年構想 EASTグループ","第３節第１日","2026/02/21","2026-02-21T14:00:00+09:00","東京V","vs","町田","味スタ","","ＤＡＺＮ"
"2026","明治安田J1百年構想 EASTグループ","第３節第１日","2026/02/21","2026-02-21T14:00:00+09:00","横浜FM","vs","浦和","日産ス","","ＤＡＺＮ"
"2026","明治安田J1百年構想 EASTグループ","第３節第１日","2026/02/21","2026-02-21T15:00:00+09:00","川崎F","vs","FC東京","Ｕ等々力","","ＤＡＺＮ"
"2026","明治安田J1百年構想 EASTグループ","第３節第１日","2026/02/21","2026-02-21T16:00:00+09:00","鹿島","vs","柏","メルスタ","","ＤＡＺＮ"
"2026","明治安田J1百年構想 WESTグループ","第３節第１日","2026/02/21","2026-02-21T14:30:00+09:00","清水","vs","神戸","アイスタ","","ＤＡＺＮ／静岡放送"
"2026","明治安田J1百年構想 WESTグループ","第３節第１日","2026/02/21","2026-02-21T15:00:00+09:00","名古屋","vs","長崎","豊田ス","","ＤＡＺＮ"
"2026","明治安田J2・J3百年構想 EAST-Aグループ","第３節第１日","2026/02/21","2026-02-21T14:00:00+09:00","群馬","vs","山形","正田スタ","","ＤＡＺＮ"
"2026","明治安田J2・J3百年構想 EAST-Aグループ","第３節第１日","2026/02/21","2026-02-21T14:00:00+09:00","湘南","vs","八戸","レモンＳ","","ＤＡＺＮ"
"2026","明治安田J2・J3百年構想 EAST-Aグループ","第３節第１日","2026/02/21","2026-02-21T14:00:00+09:00","相模原","vs","秋田","ギオンス","","ＤＡＺＮ"
"2026","明治安田J2・J3百年構想 EAST-Bグループ","第３節第１日","2026/02/21","2026-02-21T14:00:00+09:00","大宮","vs","福島","ＮＡＣＫ","","ＤＡＺＮ"
"2026","明治安田J2・J3百年構想 EAST-Bグループ","第３節第１日","2026/02/21","2026-02-21T14:00:00+09:00","長野","vs","札幌","長野Ｕ","","ＤＡＺＮ"
"2026","明治安田J2・J3百年構想 EAST-Bグループ","第３節第１日","2026/02/21","2026-02-21T14:00:00+09:00","磐田","vs","松本","ヤマハ","","ＤＡＺＮ"
"2026","明治安田J2・J3百年構想 EAST-Bグループ","第３節第１日","2026/02/21","2026-02-21T14:00:00+09:00","藤枝","vs","甲府","藤枝サ","","ＤＡＺＮ"
"2026","明治安田J2・J3百年構想 WEST-Aグループ","第３節第１日","2026/02/21","2026-02-21T14:00:00+09:00","奈良","vs","愛媛","ロートＦ","","ＤＡＺＮ"
"2026","明治安田J2・J3百年構想 WEST-Bグループ","第３節第１日","2026/02/21","2026-02-21T14:00:00+09:00","宮崎","vs","鳥栖","いちご","","ＤＡＺＮ"
"2026","明治安田J2・J3百年構想 WEST-Bグループ","第３節第１日","2026/02/21","2026-02-21T14:00:00+09:00","琉球","vs","滋賀","沖縄県陸","","ＤＡＺＮ"
"2026","明治安田J1百年構想 EASTグループ","第３節第２日","2026/02/22","2026-02-22T14:00:00+09:00","水戸","vs","千葉","Ｋｓスタ","","ＤＡＺＮ"
"2026","明治安田J1百年構想 WESTグループ","第３節第２日","2026/02/22","2026-02-22T14:00:00+09:00","京都","vs","福岡","サンガＳ","","ＤＡＺＮ"
"2026","明治安田J1百年構想 WESTグループ","第３節第２日","2026/02/22","2026-02-22T14:00:00+09:00","岡山","vs","G大阪","ＪＦＥス","","ＤＡＺＮ"
"2026","明治安田J1百年構想 WESTグループ","第３節第２日","2026/02/22","2026-02-22T15:00:00+09:00","C大阪","vs","広島","ヨドコウ","","ＤＡＺＮ"
"2026","明治安田J2・J3百年構想 EAST-Aグループ","第３節第２日","2026/02/22","2026-02-22T14:00:00+09:00","栃木SC","vs","仙台","カンセキ","","ＤＡＺＮ"
"2026","明治安田J2・J3百年構想 EAST-Aグループ","第３節第２日","2026/02/22","2026-02-22T14:00:00+09:00","横浜FC","vs","栃木C","ニッパツ","","ＤＡＺＮ"
"2026","明治安田J2・J3百年構想 EAST-Bグループ","第３節第２日","2026/02/22","2026-02-22T14:00:00+09:00","岐阜","vs","いわき","長良川","","ＤＡＺＮ"
"2026","明治安田J2・J3百年構想 WEST-Aグループ","第３節第２日","2026/02/22","2026-02-22T14:00:00+09:00","讃岐","vs","新潟","メグスタ","","ＤＡＺＮ"
"2026","明治安田J2・J3百年構想 WEST-Aグループ","第３節第２日","2026/02/22","2026-02-22T14:00:00+09:00","徳島","vs","富山","鳴門大塚","","ＤＡＺＮ"
"2026","明治安田J2・J3百年構想 WEST-Aグループ","第３節第２日","2026/02/22","2026-02-22T14:00:00+09:00","今治","vs","FC大阪","アシさと","","ＤＡＺＮ"
"2026","明治安田J2・J3百年構想 WEST-Aグループ","第３節第２日","2026/02/22","2026-02-22T14:00:00+09:00","高知","vs","金沢","ギケンス","","ＤＡＺＮ"
"2026","明治安田J2・J3百年構想 WEST-Bグループ","第３節第２日","2026/02/22","2026-02-22T13:00:00+09:00","熊本","vs","北九州","えがおＳ","","ＤＡＺＮ"
"2026","明治安田J2・J3百年構想 WEST-Bグループ","第３節第２日","2026/02/22","2026-02-22T14:00:00+09:00","大分","vs","鳥取","クラド","","ＤＡＺＮ"
"2026","明治安田J2・J3百年構想 WEST-Bグループ","第３節第２日","2026/02/22","2026-02-22T14:00:00+09:00","鹿児島","vs","山口","白波スタ","","ＤＡＺＮ"
"2026","明治安田J1百年構想 EASTグループ","第４節第１日","2026/02/27","2026-02-27T19:00:00+09:00","町田","vs","千葉","Ｇスタ","","ＤＡＺＮ"
"2026","明治安田J1百年構想 WESTグループ","第４節第１日","2026/02/27","2026-02-27T19:00:00+09:00","神戸","vs","福岡","ノエスタ","","ＤＡＺＮ"
"2026","明治安田J1百年構想 WESTグループ","第４節第１日","2026/02/27","2026-02-27T19:00:00+09:00","広島","vs","京都","Ｅピース","","ＤＡＺＮ"
"2026","明治安田J1百年構想 EASTグループ","第４節第２日","2026/02/28","2026-02-28T13:00:00+09:00","横浜FM","vs","東京V","日産ス","","ＤＡＺＮ"
"2026","明治安田J1百年構想 EASTグループ","第４節第２日","2026/02/28","2026-02-28T14:00:00+09:00","浦和","vs","鹿島","埼玉","","ＤＡＺＮ"
"2026","明治安田J1百年構想 EASTグループ","第４節第２日","2026/02/28","2026-02-28T15:00:00+09:00","FC東京","vs","柏","味スタ","","ＤＡＺＮ"
"2026","明治安田J1百年構想 WESTグループ","第４節第２日","2026/02/28","2026-02-28T15:00:00+09:00","G大阪","vs","清水","パナスタ","","ＤＡＺＮ"
"2026","明治安田J1百年構想 WESTグループ","第４節第２日","2026/02/28","2026-02-28T17:00:00+09:00","長崎","vs","C大阪","ピースタ","","ＤＡＺＮ／ＮＨＫ長崎"
"2026","明治安田J2・J3百年構想 EAST-Aグループ","第４節第１日","2026/02/28","2026-02-28T13:00:00+09:00","仙台","vs","八戸","ユアスタ","","ＤＡＺＮ／仙台放送"
"2026","明治安田J2・J3百年構想 EAST-Aグループ","第４節第１日","2026/02/28","2026-02-28T14:00:00+09:00","栃木C","vs","湘南","ＣＦＳ","","ＤＡＺＮ"
"2026","明治安田J2・J3百年構想 EAST-Aグループ","第４節第１日","2026/02/28","2026-02-28T14:00:00+09:00","群馬","vs","秋田","正田スタ","","ＤＡＺＮ"
"2026","明治安田J2・J3百年構想 EAST-Bグループ","第４節第１日","2026/02/28","2026-02-28T14:00:00+09:00","札幌","vs","岐阜","プレド","","ＤＡＺＮ／ＮＨＫ札幌"
"2026","明治安田J2・J3百年構想 EAST-Bグループ","第４節第１日","2026/02/28","2026-02-28T14:00:00+09:00","甲府","vs","松本","ＪＩＴス","","ＤＡＺＮ"
"2026","明治安田J2・J3百年構想 EAST-Bグループ","第４節第１日","2026/02/28","2026-02-28T14:00:00+09:00","長野","vs","大宮","長野Ｕ","","ＤＡＺＮ"
"2026","明治安田J2・J3百年構想 EAST-Bグループ","第４節第１日","2026/02/28","2026-02-28T14:00:00+09:00","磐田","vs","福島","ヤマハ","","ＤＡＺＮ"
"2026","明治安田J2・J3百年構想 WEST-Aグループ","第４節第１日","2026/02/28","2026-02-28T14:00:00+09:00","富山","vs","FC大阪","富山","","ＤＡＺＮ"
"2026","明治安田J2・J3百年構想 WEST-Aグループ","第４節第１日","2026/02/28","2026-02-28T16:00:00+09:00","愛媛","vs","徳島","ニンスタ","","ＤＡＺＮ"
"2026","明治安田J2・J3百年構想 WEST-Bグループ","第４節第１日","2026/02/28","2026-02-28T14:00:00+09:00","北九州","vs","滋賀","ミクスタ","","ＤＡＺＮ"
"2026","明治安田J2・J3百年構想 WEST-Bグループ","第４節第１日","2026/02/28","2026-02-28T14:00:00+09:00","鳥栖","vs","鹿児島","駅スタ","","ＤＡＺＮ"
"2026","明治安田J2・J3百年構想 WEST-Bグループ","第４節第１日","2026/02/28","2026-02-28T14:00:00+09:00","琉球","vs","宮崎","沖縄県陸","","ＤＡＺＮ"
"2026","明治安田J1百年構想 EASTグループ","第４節第３日","2026/03/01","2026-03-01T16:00:00+09:00","川崎F","vs","水戸","Ｕ等々力","","ＤＡＺＮ"
"2026","明治安田J1百年構想 WESTグループ","第４節第３日","2026/03/01","2026-03-01T14:00:00+09:00","岡山","vs","名古屋","ＪＦＥス","","ＤＡＺＮ"
"2026","明治安田J2・J3百年構想 EAST-Aグループ","第４節第２日","2026/03/01","2026-03-01T14:00:00+09:00","栃木SC","vs","横浜FC","カンセキ","","ＤＡＺＮ"
"2026","明治安田J2・J3百年構想 EAST-Aグループ","第４節第２日","2026/03/01","2026-03-01T14:00:00+09:00","相模原","vs","山形","ギオンス","","ＤＡＺＮ"
"2026","明治安田J2・J3百年構想 EAST-Bグループ","第４節第２日","2026/03/01","2026-03-01T14:00:00+09:00","いわき","vs","藤枝","ハワスタ","","ＤＡＺＮ"
"2026","明治安田J2・J3百年構想 WEST-Aグループ","第４節第２日","2026/03/01","2026-03-01T14:00:00+09:00","今治","vs","新潟","アシさと","","ＤＡＺＮ"
"2026","明治安田J2・J3百年構想 WEST-Aグループ","第４節第２日","2026/03/01","2026-03-01T14:00:00+09:00","高知","vs","奈良","ギケンス","","ＤＡＺＮ"
"2026","明治安田J2・J3百年構想 WEST-Aグループ","第４節第２日","2026/03/01","2026-03-01T00:00:00+09:00","金沢","vs","讃岐","●未定●","","ＤＡＺＮ ※ツエーゲン金沢のホームスタジアムにおける一部設備破損の影響により、開催スタジアム未定となっています。決定次第お知らせします。"
"2026","明治安田J2・J3百年構想 WEST-Bグループ","第４節第２日","2026/03/01","2026-03-01T13:00:00+09:00","山口","vs","鳥取","みらスタ","","ＤＡＺＮ／ＮＨＫ山口／ＮＨＫ鳥取"
"2026","明治安田J2・J3百年構想 WEST-Bグループ","第４節第２日","2026/03/01","2026-03-01T13:00:00+09:00","熊本","vs","大分","えがおＳ","","ＤＡＺＮ"
"2026","明治安田J2・J3百年構想 WEST-Aグループ","第５節第１日","2026/03/06","2026-03-06T19:00:00+09:00","FC大阪","vs","奈良","花園","","ＤＡＺＮ"
"2026","明治安田J1百年構想 EASTグループ","第５節第１日","2026/03/07","2026-03-07T13:00:00+09:00","千葉","vs","柏","フクアリ","","ＤＡＺＮ"
"2026","明治安田J1百年構想 EASTグループ","第５節第１日","2026/03/07","2026-03-07T14:00:00+09:00","FC東京","vs","横浜FM","MUFG国立","","ＤＡＺＮ"
"2026","明治安田J1百年構想 EASTグループ","第５節第１日","2026/03/07","2026-03-07T14:00:00+09:00","町田","vs","川崎F","Ｇスタ","","ＤＡＺＮ ※ＡＦＣチャンピオンズリーグエリート ２０２５／２６ ラウンド１６以降に出場するクラブの試合は、３／２８（土）に開催します"
"2026","明治安田J1百年構想 EASTグループ","第５節第１日","2026/03/07","2026-03-07T15:00:00+09:00","浦和","vs","水戸","埼玉","","ＤＡＺＮ"
"2026","明治安田J1百年構想 EASTグループ","第５節第１日","2026/03/07","2026-03-07T16:00:00+09:00","鹿島","vs","東京V","メルスタ","","ＤＡＺＮ"
"2026","明治安田J1百年構想 WESTグループ","第５節第１日","2026/03/07","2026-03-07T15:00:00+09:00","C大阪","vs","清水","ヨドコウ","","ＤＡＺＮ"
"2026","明治安田J1百年構想 WESTグループ","第５節第１日","2026/03/07","2026-03-07T16:00:00+09:00","福岡","vs","名古屋","ベススタ","","ＤＡＺＮ"
"2026","明治安田J2・J3百年構想 EAST-Aグループ","第５節第１日","2026/03/07","2026-03-07T14:00:00+09:00","仙台","vs","湘南","ユアスタ","","ＤＡＺＮ"
"2026","明治安田J2・J3百年構想 EAST-Bグループ","第５節第１日","2026/03/07","2026-03-07T14:00:00+09:00","いわき","vs","大宮","ハワスタ","","ＤＡＺＮ"
"2026","明治安田J2・J3百年構想 EAST-Bグループ","第５節第１日","2026/03/07","2026-03-07T14:00:00+09:00","松本","vs","札幌","サンアル","","ＤＡＺＮ／信越放送"
"2026","明治安田J2・J3百年構想 EAST-Bグループ","第５節第１日","2026/03/07","2026-03-07T14:00:00+09:00","藤枝","vs","磐田","藤枝サ","","ＤＡＺＮ／ＮＨＫ静岡"
"2026","明治安田J2・J3百年構想 WEST-Aグループ","第５節第２日","2026/03/07","2026-03-07T14:00:00+09:00","新潟","vs","高知","デンカＳ","","ＤＡＺＮ"
"2026","明治安田J2・J3百年構想 WEST-Bグループ","第５節第１日","2026/03/07","2026-03-07T14:00:00+09:00","山口","vs","鳥栖","みらスタ","","ＤＡＺＮ"
"2026","明治安田J2・J3百年構想 WEST-Bグループ","第５節第１日","2026/03/07","2026-03-07T14:00:00+09:00","北九州","vs","宮崎","ミクスタ","","ＤＡＺＮ"
"2026","明治安田J2・J3百年構想 WEST-Bグループ","第５節第１日","2026/03/07","2026-03-07T00:00:00+09:00","滋賀","vs","熊本","●未定●","","ＤＡＺＮ ※３／７（土）ｏｒ３／８（日）"
"2026","明治安田J1百年構想 WESTグループ","第５節第２日","2026/03/08","2026-03-08T12:55:00+09:00","岡山","vs","京都","ＪＦＥス","","ＤＡＺＮ／テレビせとうち"
"2026","明治安田J1百年構想 WESTグループ","第５節第２日","2026/03/08","2026-03-08T15:00:00+09:00","G大阪","vs","長崎","パナスタ","","ＤＡＺＮ"
"2026","明治安田J2・J3百年構想 EAST-Aグループ","第５節第２日","2026/03/08","2026-03-08T13:00:00+09:00","八戸","vs","横浜FC","プラスタ","","ＤＡＺＮ"
"2026","明治安田J2・J3百年構想 EAST-Aグループ","第５節第２日","2026/03/08","2026-03-08T14:00:00+09:00","山形","vs","秋田","ＮＤスタ","","ＤＡＺＮ"
"2026","明治安田J2・J3百年構想 EAST-Aグループ","第５節第２日","2026/03/08","2026-03-08T14:00:00+09:00","栃木C","vs","群馬","ＣＦＳ","","ＤＡＺＮ"
"2026","明治安田J2・J3百年構想 EAST-Aグループ","第５節第２日","2026/03/08","2026-03-08T14:00:00+09:00","相模原","vs","栃木SC","ギオンス","","ＤＡＺＮ"
"2026","明治安田J2・J3百年構想 EAST-Bグループ","第５節第２日","2026/03/08","2026-03-08T14:00:00+09:00","福島","vs","長野","とうスタ","","ＤＡＺＮ"
"2026","明治安田J2・J3百年構想 EAST-Bグループ","第５節第２日","2026/03/08","2026-03-08T14:00:00+09:00","岐阜","vs","甲府","長良川","","ＤＡＺＮ"
"2026","明治安田J2・J3百年構想 WEST-Aグループ","第５節第３日","2026/03/08","2026-03-08T14:00:00+09:00","富山","vs","愛媛","富山","","ＤＡＺＮ"
"2026","明治安田J2・J3百年構想 WEST-Aグループ","第５節第３日","2026/03/08","2026-03-08T14:00:00+09:00","讃岐","vs","今治","メグスタ","","ＤＡＺＮ"
"2026","明治安田J2・J3百年構想 WEST-Aグループ","第５節第３日","2026/03/08","2026-03-08T00:00:00+09:00","金沢","vs","徳島","●未定●","","ＤＡＺＮ ※ツエーゲン金沢のホームスタジアムにおける一部設備破損の影響により、開催スタジアム未定となっています。決定次第お知らせします。"
"2026","明治安田J2・J3百年構想 WEST-Bグループ","第５節第２日","2026/03/08","2026-03-08T14:00:00+09:00","鳥取","vs","琉球","Ａｘｉｓ","","ＤＡＺＮ"
"2026","明治安田J2・J3百年構想 WEST-Bグループ","第５節第２日","2026/03/08","2026-03-08T14:00:00+09:00","大分","vs","鹿児島","クラド","","ＤＡＺＮ"
"2026","明治安田J1百年構想 EASTグループ","第６節第１日","2026/03/14","2026-03-14T13:00:00+09:00","横浜FM","vs","千葉","日産ス","","ＤＡＺＮ"
"2026","明治安田J1百年構想 EASTグループ","第６節第１日","2026/03/14","2026-03-14T14:00:00+09:00","水戸","vs","FC東京","Ｋｓスタ","","ＤＡＺＮ"
"2026","明治安田J1百年構想 EASTグループ","第６節第１日","2026/03/14","2026-03-14T14:00:00+09:00","柏","vs","町田","三協Ｆ柏","","ＤＡＺＮ"
"2026","明治安田J1百年構想 EASTグループ","第６節第１日","2026/03/14","2026-03-14T15:00:00+09:00","鹿島","vs","川崎F","メルスタ","","ＤＡＺＮ"
"2026","明治安田J1百年構想 EASTグループ","第６節第１日","2026/03/14","2026-03-14T16:00:00+09:00","東京V","vs","浦和","MUFG国立","","ＤＡＺＮ"
"2026","明治安田J1百年構想 WESTグループ","第６節第１日","2026/03/14","2026-03-14T14:00:00+09:00","清水","vs","岡山","アイスタ","","ＤＡＺＮ"
"2026","明治安田J1百年構想 WESTグループ","第６節第１日","2026/03/14","2026-03-14T14:00:00+09:00","名古屋","vs","神戸","豊田ス","","ＤＡＺＮ"
"2026","明治安田J1百年構想 WESTグループ","第６節第１日","2026/03/14","2026-03-14T14:00:00+09:00","京都","vs","C大阪","サンガＳ","","ＤＡＺＮ／ＮＨＫ ＢＳ"
"2026","明治安田J1百年構想 WESTグループ","第６節第１日","2026/03/14","2026-03-14T15:00:00+09:00","広島","vs","G大阪","Ｅピース","","ＤＡＺＮ／中国放送"
"2026","明治安田J2・J3百年構想 EAST-Aグループ","第６節第１日","2026/03/14","2026-03-14T14:00:00+09:00","仙台","vs","相模原","ユアスタ","","ＤＡＺＮ"
"2026","明治安田J2・J3百年構想 EAST-Aグループ","第６節第１日","2026/03/14","2026-03-14T14:00:00+09:00","湘南","vs","山形","レモンＳ","","ＤＡＺＮ"
"2026","明治安田J2・J3百年構想 EAST-Bグループ","第６節第１日","2026/03/14","2026-03-14T14:00:00+09:00","大宮","vs","藤枝","ＮＡＣＫ","","ＤＡＺＮ"
"2026","明治安田J2・J3百年構想 EAST-Bグループ","第６節第１日","2026/03/14","2026-03-14T14:00:00+09:00","甲府","vs","いわき","ＪＩＴス","","ＤＡＺＮ"
"2026","明治安田J2・J3百年構想 EAST-Bグループ","第６節第１日","2026/03/14","2026-03-14T14:00:00+09:00","長野","vs","松本","長野Ｕ","","ＤＡＺＮ"
"2026","明治安田J2・J3百年構想 EAST-Bグループ","第６節第１日","2026/03/14","2026-03-14T14:00:00+09:00","磐田","vs","札幌","ヤマハ","","ＤＡＺＮ"
"2026","明治安田J2・J3百年構想 WEST-Aグループ","第６節第１日","2026/03/14","2026-03-14T13:00:00+09:00","高知","vs","今治","ギケンス","","ＤＡＺＮ"
"2026","明治安田J2・J3百年構想 WEST-Aグループ","第６節第１日","2026/03/14","2026-03-14T14:00:00+09:00","奈良","vs","新潟","ロートＦ","","ＤＡＺＮ"
"2026","明治安田J2・J3百年構想 WEST-Bグループ","第６節第１日","2026/03/14","2026-03-14T14:00:00+09:00","鳥栖","vs","北九州","駅スタ","","ＤＡＺＮ"
"2026","明治安田J2・J3百年構想 WEST-Bグループ","第６節第１日","2026/03/14","2026-03-14T14:00:00+09:00","宮崎","vs","大分","いちご","","ＤＡＺＮ"
"2026","明治安田J2・J3百年構想 WEST-Bグループ","第６節第１日","2026/03/14","2026-03-14T14:00:00+09:00","琉球","vs","山口","沖縄県陸","","ＤＡＺＮ"
"2026","明治安田J1百年構想 WESTグループ","第６節第２日","2026/03/15","2026-03-15T14:00:00+09:00","長崎","vs","福岡","ピースタ","","ＤＡＺＮ"
"2026","明治安田J2・J3百年構想 EAST-Aグループ","第６節第２日","2026/03/15","2026-03-15T13:00:00+09:00","八戸","vs","栃木C","プラスタ","","ＤＡＺＮ"
"2026","明治安田J2・J3百年構想 EAST-Aグループ","第６節第２日","2026/03/15","2026-03-15T13:00:00+09:00","秋田","vs","栃木SC","ソユスタ","","ＤＡＺＮ／秋田テレビ"
"2026","明治安田J2・J3百年構想 EAST-Aグループ","第６節第２日","2026/03/15","2026-03-15T14:00:00+09:00","横浜FC","vs","群馬","ニッパツ","","ＤＡＺＮ"
"2026","明治安田J2・J3百年構想 EAST-Bグループ","第６節第２日","2026/03/15","2026-03-15T19:00:00+09:00","岐阜","vs","福島","長良川","","ＤＡＺＮ"
"2026","明治安田J2・J3百年構想 WEST-Aグループ","第６節第２日","2026/03/15","2026-03-15T13:05:00+09:00","富山","vs","金沢","富山","","ＤＡＺＮ／ＮＨＫ富山"
"2026","明治安田J2・J3百年構想 WEST-Aグループ","第６節第２日","2026/03/15","2026-03-15T14:00:00+09:00","徳島","vs","讃岐","鳴門大塚","","ＤＡＺＮ"
"2026","明治安田J2・J3百年構想 WEST-Aグループ","第６節第２日","2026/03/15","2026-03-15T14:00:00+09:00","愛媛","vs","FC大阪","ニンスタ","","ＤＡＺＮ"
"2026","明治安田J2・J3百年構想 WEST-Bグループ","第６節第２日","2026/03/15","2026-03-15T13:00:00+09:00","熊本","vs","鳥取","えがおＳ","","ＤＡＺＮ"
"2026","明治安田J2・J3百年構想 WEST-Bグループ","第６節第２日","2026/03/15","2026-03-15T14:00:00+09:00","鹿児島","vs","滋賀","白波スタ","","ＤＡＺＮ"
"2026","明治安田J1百年構想 EASTグループ","第７節第１日","2026/03/18","2026-03-18T19:00:00+09:00","水戸","vs","横浜FM","Ｋｓスタ","","ＤＡＺＮ"
"2026","明治安田J1百年構想 EASTグループ","第７節第１日","2026/03/18","2026-03-18T19:00:00+09:00","千葉","vs","FC東京","フクアリ","","ＤＡＺＮ"
"2026","明治安田J1百年構想 EASTグループ","第７節第１日","2026/03/18","2026-03-18T19:00:00+09:00","東京V","vs","川崎F","味スタ","","ＤＡＺＮ"
"2026","明治安田J1百年構想 EASTグループ","第７節第１日","2026/03/18","2026-03-18T19:30:00+09:00","浦和","vs","柏","埼玉","","ＤＡＺＮ"
"2026","明治安田J1百年構想 EASTグループ","第７節第１日","2026/03/18","2026-03-18T19:30:00+09:00","町田","vs","鹿島","MUFG国立","","ＤＡＺＮ"
"2026","明治安田J1百年構想 WESTグループ","第７節第１日","2026/03/18","2026-03-18T18:30:00+09:00","C大阪","vs","岡山","ヨドコウ","","ＤＡＺＮ"
"2026","明治安田J1百年構想 WESTグループ","第７節第１日","2026/03/18","2026-03-18T19:00:00+09:00","名古屋","vs","広島","豊田ス","","ＤＡＺＮ"
"2026","明治安田J1百年構想 WESTグループ","第７節第１日","2026/03/18","2026-03-18T19:00:00+09:00","神戸","vs","G大阪","ノエスタ","","ＤＡＺＮ"
"2026","明治安田J1百年構想 WESTグループ","第７節第１日","2026/03/18","2026-03-18T19:00:00+09:00","福岡","vs","清水","ベススタ","","ＤＡＺＮ"
"2026","明治安田J1百年構想 WESTグループ","第７節第１日","2026/03/18","2026-03-18T19:00:00+09:00","長崎","vs","京都","ピースタ","","ＤＡＺＮ"
"2026","明治安田J2・J3百年構想 EAST-Aグループ","第７節第１日","2026/03/20","2026-03-20T14:00:00+09:00","群馬","vs","湘南","正田スタ","","ＤＡＺＮ"
"2026","明治安田J2・J3百年構想 WEST-Aグループ","第７節第１日","2026/03/20","2026-03-20T14:00:00+09:00","新潟","vs","富山","デンカＳ","","ＤＡＺＮ"
"2026","明治安田J1百年構想 WESTグループ","第８節第１日","2026/03/21","2026-03-21T14:00:00+09:00","岡山","vs","長崎","ＪＦＥス","","ＤＡＺＮ"
"2026","明治安田J1百年構想 WESTグループ","第８節第１日","2026/03/21","2026-03-21T14:30:00+09:00","福岡","vs","G大阪","ベススタ","","ＤＡＺＮ／福岡放送"
"2026","明治安田J2・J3百年構想 EAST-Aグループ","第７節第２日","2026/03/21","2026-03-21T14:00:00+09:00","秋田","vs","八戸","ソユスタ","","ＤＡＺＮ／秋田放送"
"2026","明治安田J2・J3百年構想 EAST-Aグループ","第７節第２日","2026/03/21","2026-03-21T14:00:00+09:00","相模原","vs","横浜FC","ギオンス","","ＤＡＺＮ"
"2026","明治安田J2・J3百年構想 EAST-Bグループ","第７節第１日","2026/03/21","2026-03-21T14:00:00+09:00","札幌","vs","甲府","プレド","","ＤＡＺＮ"
"2026","明治安田J2・J3百年構想 EAST-Bグループ","第７節第１日","2026/03/21","2026-03-21T14:00:00+09:00","福島","vs","藤枝","とうスタ","","ＤＡＺＮ"
"2026","明治安田J2・J3百年構想 EAST-Bグループ","第７節第１日","2026/03/21","2026-03-21T14:00:00+09:00","松本","vs","岐阜","サンアル","","ＤＡＺＮ"
"2026","明治安田J2・J3百年構想 EAST-Bグループ","第７節第１日","2026/03/21","2026-03-21T14:00:00+09:00","長野","vs","いわき","長野Ｕ","","ＤＡＺＮ"
"2026","明治安田J2・J3百年構想 EAST-Bグループ","第７節第１日","2026/03/21","2026-03-21T14:00:00+09:00","磐田","vs","大宮","ヤマハ","","ＤＡＺＮ"
"2026","明治安田J2・J3百年構想 WEST-Bグループ","第７節第１日","2026/03/21","2026-03-21T14:00:00+09:00","大分","vs","琉球","クラド","","ＤＡＺＮ"
"2026","明治安田J2・J3百年構想 WEST-Bグループ","第７節第１日","2026/03/21","2026-03-21T14:00:00+09:00","宮崎","vs","熊本","いちご","","ＤＡＺＮ"
"2026","明治安田J1百年構想 EASTグループ","第８節第１日","2026/03/22","2026-03-22T14:00:00+09:00","東京V","vs","FC東京","味スタ","","ＤＡＺＮ"
"2026","明治安田J1百年構想 EASTグループ","第８節第１日","2026/03/22","2026-03-22T15:00:00+09:00","鹿島","vs","千葉","メルスタ","","ＤＡＺＮ"
"2026","明治安田J1百年構想 EASTグループ","第８節第１日","2026/03/22","2026-03-22T15:00:00+09:00","川崎F","vs","横浜FM","MUFG国立","","ＤＡＺＮ"
"2026","明治安田J1百年構想 EASTグループ","第８節第１日","2026/03/22","2026-03-22T16:00:00+09:00","浦和","vs","町田","埼玉","","ＤＡＺＮ"
"2026","明治安田J1百年構想 EASTグループ","第８節第１日","2026/03/22","2026-03-22T16:00:00+09:00","柏","vs","水戸","三協Ｆ柏","","ＤＡＺＮ"
"2026","明治安田J1百年構想 WESTグループ","第８節第２日","2026/03/22","2026-03-22T13:00:00+09:00","清水","vs","広島","アイスタ","","ＤＡＺＮ"
"2026","明治安田J1百年構想 WESTグループ","第８節第２日","2026/03/22","2026-03-22T14:00:00+09:00","京都","vs","名古屋","サンガＳ","","ＤＡＺＮ"
"2026","明治安田J1百年構想 WESTグループ","第８節第２日","2026/03/22","2026-03-22T15:00:00+09:00","C大阪","vs","神戸","ヨドコウ","","ＤＡＺＮ"
"2026","明治安田J2・J3百年構想 EAST-Aグループ","第７節第３日","2026/03/22","2026-03-22T14:00:00+09:00","山形","vs","仙台","ＮＤスタ","","ＤＡＺＮ"
"2026","明治安田J2・J3百年構想 EAST-Aグループ","第７節第３日","2026/03/22","2026-03-22T14:00:00+09:00","栃木SC","vs","栃木C","カンセキ","","ＤＡＺＮ"
"2026","明治安田J2・J3百年構想 WEST-Aグループ","第７節第２日","2026/03/22","2026-03-22T14:00:00+09:00","讃岐","vs","奈良","メグスタ","","ＤＡＺＮ"
"2026","明治安田J2・J3百年構想 WEST-Aグループ","第７節第２日","2026/03/22","2026-03-22T14:00:00+09:00","愛媛","vs","高知","ニンスタ","","ＤＡＺＮ"
"2026","明治安田J2・J3百年構想 WEST-Aグループ","第７節第２日","2026/03/22","2026-03-22T14:00:00+09:00","今治","vs","徳島","アシさと","","ＤＡＺＮ"
"2026","明治安田J2・J3百年構想 WEST-Aグループ","第７節第２日","2026/03/22","2026-03-22T00:00:00+09:00","金沢","vs","FC大阪","●未定●","","ＤＡＺＮ ※ツエーゲン金沢のホームスタジアムにおける一部設備破損の影響により、開催スタジアム未定となっています。決定次第お知らせします。"
"2026","明治安田J2・J3百年構想 WEST-Bグループ","第７節第２日","2026/03/22","2026-03-22T14:00:00+09:00","鳥取","vs","鹿児島","Ａｘｉｓ","","ＤＡＺＮ"
"2026","明治安田J2・J3百年構想 WEST-Bグループ","第７節第２日","2026/03/22","2026-03-22T14:00:00+09:00","山口","vs","北九州","みらスタ","","ＤＡＺＮ"
"2026","明治安田J2・J3百年構想 WEST-Bグループ","第７節第２日","2026/03/22","2026-03-22T00:00:00+09:00","滋賀","vs","鳥栖","ハトスタ","","ＤＡＺＮ"
"2026","明治安田J1百年構想 WESTグループ","第５節第３日","2026/03/27","2026-03-27T19:00:00+09:00","神戸","vs","広島","ノエスタ","","ＤＡＺＮ"
"2026","明治安田J2・J3百年構想 EAST-Aグループ","第８節第１日","2026/03/28","2026-03-28T14:00:00+09:00","群馬","vs","栃木SC","正田スタ","","ＤＡＺＮ"
"2026","明治安田J2・J3百年構想 EAST-Aグループ","第８節第１日","2026/03/28","2026-03-28T14:00:00+09:00","横浜FC","vs","湘南","ニッパツ","","ＤＡＺＮ"
"2026","明治安田J2・J3百年構想 EAST-Bグループ","第８節第１日","2026/03/28","2026-03-28T14:00:00+09:00","甲府","vs","大宮","ＪＩＴス","","ＤＡＺＮ"
"2026","明治安田J2・J3百年構想 EAST-Bグループ","第８節第１日","2026/03/28","2026-03-28T14:00:00+09:00","藤枝","vs","札幌","藤枝サ","","ＤＡＺＮ"
"2026","明治安田J2・J3百年構想 EAST-Bグループ","第８節第１日","2026/03/28","2026-03-28T14:00:00+09:00","岐阜","vs","長野","長良川","","ＤＡＺＮ"
"2026","明治安田J2・J3百年構想 WEST-Aグループ","第８節第１日","2026/03/28","2026-03-28T14:00:00+09:00","奈良","vs","金沢","ロートＦ","","ＤＡＺＮ"
"2026","明治安田J2・J3百年構想 EAST-Aグループ","第８節第２日","2026/03/29","2026-03-29T13:00:00+09:00","八戸","vs","相模原","プラスタ","","ＤＡＺＮ"
"2026","明治安田J2・J3百年構想 EAST-Aグループ","第８節第２日","2026/03/29","2026-03-29T14:00:00+09:00","秋田","vs","仙台","ソユスタ","","ＤＡＺＮ"
"2026","明治安田J2・J3百年構想 EAST-Aグループ","第８節第２日","2026/03/29","2026-03-29T14:00:00+09:00","山形","vs","栃木C","ＮＤスタ","","ＤＡＺＮ"
"2026","明治安田J2・J3百年構想 EAST-Bグループ","第８節第２日","2026/03/29","2026-03-29T14:00:00+09:00","福島","vs","松本","とうスタ","","ＤＡＺＮ"
"2026","明治安田J2・J3百年構想 EAST-Bグループ","第８節第２日","2026/03/29","2026-03-29T14:00:00+09:00","いわき","vs","磐田","ハワスタ","","ＤＡＺＮ"
"2026","明治安田J2・J3百年構想 WEST-Aグループ","第８節第２日","2026/03/29","2026-03-29T14:00:00+09:00","富山","vs","今治","富山","","ＤＡＺＮ"
"2026","明治安田J2・J3百年構想 WEST-Aグループ","第８節第２日","2026/03/29","2026-03-29T14:00:00+09:00","FC大阪","vs","新潟","花園","","ＤＡＺＮ"
"2026","明治安田J2・J3百年構想 WEST-Aグループ","第８節第２日","2026/03/29","2026-03-29T14:00:00+09:00","讃岐","vs","愛媛","メグスタ","","ＤＡＺＮ"
"2026","明治安田J2・J3百年構想 WEST-Aグループ","第８節第２日","2026/03/29","2026-03-29T14:00:00+09:00","徳島","vs","高知","鳴門大塚","","ＤＡＺＮ"
"2026","明治安田J2・J3百年構想 WEST-Bグループ","第８節第１日","2026/03/29","2026-03-29T13:00:00+09:00","熊本","vs","鹿児島","えがおＳ","","ＤＡＺＮ"
"2026","明治安田J2・J3百年構想 WEST-Bグループ","第８節第１日","2026/03/29","2026-03-29T14:00:00+09:00","滋賀","vs","宮崎","ハトスタ","","ＤＡＺＮ"
"2026","明治安田J2・J3百年構想 WEST-Bグループ","第８節第１日","2026/03/29","2026-03-29T14:00:00+09:00","鳥取","vs","鳥栖","Ａｘｉｓ","","ＤＡＺＮ"
"2026","明治安田J2・J3百年構想 WEST-Bグループ","第８節第１日","2026/03/29","2026-03-29T14:00:00+09:00","山口","vs","大分","みらスタ","","ＤＡＺＮ"
"2026","明治安田J2・J3百年構想 WEST-Bグループ","第８節第１日","2026/03/29","2026-03-29T14:00:00+09:00","北九州","vs","琉球","ミクスタ","","ＤＡＺＮ"
"2026","明治安田J1百年構想 EASTグループ","第９節第１日","2026/04/04","2026-04-04T13:00:00+09:00","千葉","vs","東京V","フクアリ","","ＤＡＺＮ"
"2026","明治安田J1百年構想 EASTグループ","第９節第１日","2026/04/04","2026-04-04T14:00:00+09:00","水戸","vs","鹿島","Ｋｓスタ","","ＤＡＺＮ／ＮＨＫ水戸"
"2026","明治安田J1百年構想 WESTグループ","第９節第１日","2026/04/04","2026-04-04T15:00:00+09:00","名古屋","vs","C大阪","豊田ス","","ＤＡＺＮ"
"2026","明治安田J1百年構想 WESTグループ","第９節第１日","2026/04/04","2026-04-04T16:00:00+09:00","G大阪","vs","京都","パナスタ","","ＤＡＺＮ"
"2026","明治安田J2・J3百年構想 EAST-Aグループ","第９節第１日","2026/04/04","2026-04-04T14:00:00+09:00","仙台","vs","群馬","ユアスタ","","ＤＡＺＮ"
"2026","明治安田J2・J3百年構想 EAST-Aグループ","第９節第１日","2026/04/04","2026-04-04T14:00:00+09:00","栃木C","vs","相模原","ＣＦＳ","","ＤＡＺＮ"
"2026","明治安田J2・J3百年構想 EAST-Aグループ","第９節第１日","2026/04/04","2026-04-04T14:00:00+09:00","横浜FC","vs","秋田","ニッパツ","","ＤＡＺＮ"
"2026","明治安田J2・J3百年構想 EAST-Aグループ","第９節第１日","2026/04/04","2026-04-04T14:00:00+09:00","湘南","vs","栃木SC","レモンＳ","","ＤＡＺＮ"
"2026","明治安田J2・J3百年構想 EAST-Bグループ","第９節第１日","2026/04/04","2026-04-04T14:00:00+09:00","札幌","vs","福島","プレド","","ＤＡＺＮ"
"2026","明治安田J2・J3百年構想 EAST-Bグループ","第９節第１日","2026/04/04","2026-04-04T14:00:00+09:00","大宮","vs","岐阜","ＮＡＣＫ","","ＤＡＺＮ"
"2026","明治安田J2・J3百年構想 EAST-Bグループ","第９節第１日","2026/04/04","2026-04-04T14:00:00+09:00","磐田","vs","甲府","ヤマハ","","ＤＡＺＮ"
"2026","明治安田J2・J3百年構想 EAST-Bグループ","第９節第１日","2026/04/04","2026-04-04T14:00:00+09:00","藤枝","vs","長野","藤枝サ","","ＤＡＺＮ"
"2026","明治安田J2・J3百年構想 WEST-Aグループ","第９節第１日","2026/04/04","2026-04-04T14:00:00+09:00","新潟","vs","金沢","デンカＳ","","ＤＡＺＮ"
"2026","明治安田J2・J3百年構想 WEST-Bグループ","第９節第１日","2026/04/04","2026-04-04T16:00:00+09:00","琉球","vs","熊本","沖縄県陸","","ＤＡＺＮ"
"2026","明治安田J1百年構想 EASTグループ","第９節第２日","2026/04/05","2026-04-05T14:00:00+09:00","柏","vs","横浜FM","三協Ｆ柏","","ＤＡＺＮ"
"2026","明治安田J1百年構想 EASTグループ","第９節第２日","2026/04/05","2026-04-05T15:00:00+09:00","FC東京","vs","町田","味スタ","","ＤＡＺＮ"
"2026","明治安田J1百年構想 EASTグループ","第９節第２日","2026/04/05","2026-04-05T16:00:00+09:00","川崎F","vs","浦和","Ｕ等々力","","ＤＡＺＮ"
"2026","明治安田J1百年構想 WESTグループ","第９節第２日","2026/04/05","2026-04-05T13:00:00+09:00","長崎","vs","清水","ピースタ","","ＤＡＺＮ"
"2026","明治安田J1百年構想 WESTグループ","第９節第２日","2026/04/05","2026-04-05T14:00:00+09:00","岡山","vs","神戸","ＪＦＥス","","ＤＡＺＮ／ＮＨＫ岡山"
"2026","明治安田J1百年構想 WESTグループ","第９節第２日","2026/04/05","2026-04-05T14:00:00+09:00","広島","vs","福岡","Ｅピース","","ＤＡＺＮ"
"2026","明治安田J2・J3百年構想 EAST-Aグループ","第９節第２日","2026/04/05","2026-04-05T13:00:00+09:00","八戸","vs","山形","プラスタ","","ＤＡＺＮ"
"2026","明治安田J2・J3百年構想 EAST-Bグループ","第９節第２日","2026/04/05","2026-04-05T14:00:00+09:00","松本","vs","いわき","サンアル","","ＤＡＺＮ"
"2026","明治安田J2・J3百年構想 WEST-Aグループ","第９節第２日","2026/04/05","2026-04-05T13:30:00+09:00","今治","vs","愛媛","アシさと","","ＤＡＺＮ／南海放送"
"2026","明治安田J2・J3百年構想 WEST-Aグループ","第９節第２日","2026/04/05","2026-04-05T14:00:00+09:00","富山","vs","奈良","富山","","ＤＡＺＮ"
"2026","明治安田J2・J3百年構想 WEST-Aグループ","第９節第２日","2026/04/05","2026-04-05T14:00:00+09:00","徳島","vs","FC大阪","鳴門大塚","","ＤＡＺＮ"
"2026","明治安田J2・J3百年構想 WEST-Aグループ","第９節第２日","2026/04/05","2026-04-05T14:00:00+09:00","高知","vs","讃岐","ギケンス","","ＤＡＺＮ"
"2026","明治安田J2・J3百年構想 WEST-Bグループ","第９節第２日","2026/04/05","2026-04-05T14:00:00+09:00","鳥取","vs","滋賀","Ａｘｉｓ","","ＤＡＺＮ"
"2026","明治安田J2・J3百年構想 WEST-Bグループ","第９節第２日","2026/04/05","2026-04-05T14:00:00+09:00","鳥栖","vs","大分","駅スタ","","ＤＡＺＮ"
"2026","明治安田J2・J3百年構想 WEST-Bグループ","第９節第２日","2026/04/05","2026-04-05T14:00:00+09:00","宮崎","vs","山口","いちご","","ＤＡＺＮ"
"2026","明治安田J2・J3百年構想 WEST-Bグループ","第９節第２日","2026/04/05","2026-04-05T14:00:00+09:00","鹿児島","vs","北九州","白波スタ","","ＤＡＺＮ"
"2026","明治安田J1百年構想 EASTグループ","第１０節第１日","2026/04/11","2026-04-11T13:00:00+09:00","千葉","vs","水戸","フクアリ","","ＤＡＺＮ"
"2026","明治安田J1百年構想 EASTグループ","第１０節第１日","2026/04/11","2026-04-11T14:00:00+09:00","町田","vs","柏","Ｇスタ","","ＤＡＺＮ"
"2026","明治安田J1百年構想 EASTグループ","第１０節第１日","2026/04/11","2026-04-11T15:00:00+09:00","横浜FM","vs","FC東京","日産ス","","ＤＡＺＮ"
"2026","明治安田J1百年構想 WESTグループ","第１０節第１日","2026/04/11","2026-04-11T14:00:00+09:00","広島","vs","清水","Ｅピース","","ＤＡＺＮ"
"2026","明治安田J1百年構想 WESTグループ","第１０節第１日","2026/04/11","2026-04-11T14:00:00+09:00","福岡","vs","長崎","ベススタ","","ＤＡＺＮ"
"2026","明治安田J1百年構想 WESTグループ","第１０節第１日","2026/04/11","2026-04-11T15:00:00+09:00","神戸","vs","名古屋","ノエスタ","","ＤＡＺＮ"
"2026","明治安田J1百年構想 WESTグループ","第１０節第１日","2026/04/11","2026-04-11T16:00:00+09:00","京都","vs","岡山","サンガＳ","","ＤＡＺＮ"
"2026","明治安田J1百年構想 WESTグループ","第１０節第１日","2026/04/11","2026-04-11T16:00:00+09:00","G大阪","vs","C大阪","パナスタ","","ＤＡＺＮ"
"2026","明治安田J2・J3百年構想 EAST-Bグループ","第１０節第１日","2026/04/11","2026-04-11T14:00:00+09:00","甲府","vs","札幌","ＪＩＴス","","ＤＡＺＮ"
"2026","明治安田J2・J3百年構想 EAST-Bグループ","第１０節第１日","2026/04/11","2026-04-11T14:00:00+09:00","岐阜","vs","藤枝","長良川","","ＤＡＺＮ"
"2026","明治安田J2・J3百年構想 WEST-Aグループ","第１０節第１日","2026/04/11","2026-04-11T14:00:00+09:00","FC大阪","vs","富山","花園","","ＤＡＺＮ"
"2026","明治安田J2・J3百年構想 WEST-Bグループ","第１０節第１日","2026/04/11","2026-04-11T19:00:00+09:00","大分","vs","山口","クラド","","ＤＡＺＮ"
"2026","明治安田J1百年構想 EASTグループ","第１０節第２日","2026/04/12","2026-04-12T14:00:00+09:00","浦和","vs","東京V","埼玉","","ＤＡＺＮ"
"2026","明治安田J1百年構想 EASTグループ","第１０節第２日","2026/04/12","2026-04-12T16:00:00+09:00","川崎F","vs","鹿島","Ｕ等々力","","ＤＡＺＮ"
"2026","明治安田J2・J3百年構想 EAST-Aグループ","第１０節第１日","2026/04/12","2026-04-12T14:00:00+09:00","秋田","vs","湘南","ソユスタ","","ＤＡＺＮ"
"2026","明治安田J2・J3百年構想 EAST-Aグループ","第１０節第１日","2026/04/12","2026-04-12T14:00:00+09:00","山形","vs","横浜FC","ＮＤスタ","","ＤＡＺＮ"
"2026","明治安田J2・J3百年構想 EAST-Aグループ","第１０節第１日","2026/04/12","2026-04-12T14:00:00+09:00","栃木SC","vs","群馬","カンセキ","","ＤＡＺＮ"
"2026","明治安田J2・J3百年構想 EAST-Aグループ","第１０節第１日","2026/04/12","2026-04-12T14:00:00+09:00","栃木C","vs","八戸","ＣＦＳ","","ＤＡＺＮ"
"2026","明治安田J2・J3百年構想 EAST-Aグループ","第１０節第１日","2026/04/12","2026-04-12T14:00:00+09:00","相模原","vs","仙台","ギオンス","","ＤＡＺＮ"
"2026","明治安田J2・J3百年構想 EAST-Bグループ","第１０節第２日","2026/04/12","2026-04-12T13:00:00+09:00","長野","vs","磐田","長野Ｕ","","ＤＡＺＮ／信越放送"
"2026","明治安田J2・J3百年構想 EAST-Bグループ","第１０節第２日","2026/04/12","2026-04-12T14:00:00+09:00","福島","vs","いわき","とうスタ","","ＤＡＺＮ／ＮＨＫ福島"
"2026","明治安田J2・J3百年構想 EAST-Bグループ","第１０節第２日","2026/04/12","2026-04-12T14:00:00+09:00","松本","vs","大宮","サンアル","","ＤＡＺＮ"
"2026","明治安田J2・J3百年構想 WEST-Aグループ","第１０節第２日","2026/04/12","2026-04-12T14:00:00+09:00","讃岐","vs","徳島","メグスタ","","ＤＡＺＮ"
"2026","明治安田J2・J3百年構想 WEST-Aグループ","第１０節第２日","2026/04/12","2026-04-12T14:00:00+09:00","愛媛","vs","奈良","ニンスタ","","ＤＡＺＮ"
"2026","明治安田J2・J3百年構想 WEST-Aグループ","第１０節第２日","2026/04/12","2026-04-12T14:00:00+09:00","高知","vs","新潟","ギケンス","","ＤＡＺＮ"
"2026","明治安田J2・J3百年構想 WEST-Aグループ","第１０節第２日","2026/04/12","2026-04-12T00:00:00+09:00","金沢","vs","今治","●未定●","","ＤＡＺＮ ※ツエーゲン金沢のホームスタジアムにおける一部設備破損の影響により、開催スタジアム未定となっています。決定次第お知らせします。"
"2026","明治安田J2・J3百年構想 WEST-Bグループ","第１０節第２日","2026/04/12","2026-04-12T14:00:00+09:00","滋賀","vs","琉球","ハトスタ","","ＤＡＺＮ"
"2026","明治安田J2・J3百年構想 WEST-Bグループ","第１０節第２日","2026/04/12","2026-04-12T14:00:00+09:00","北九州","vs","鳥栖","ミクスタ","","ＤＡＺＮ"
"2026","明治安田J2・J3百年構想 WEST-Bグループ","第１０節第２日","2026/04/12","2026-04-12T14:00:00+09:00","熊本","vs","宮崎","えがおＳ","","ＤＡＺＮ"
"2026","明治安田J2・J3百年構想 WEST-Bグループ","第１０節第２日","2026/04/12","2026-04-12T14:00:00+09:00","鹿児島","vs","鳥取","白波スタ","","ＤＡＺＮ"
"2026","明治安田J2・J3百年構想 WEST-Aグループ","第１１節第１日","2026/04/17","2026-04-17T19:00:00+09:00","FC大阪","vs","愛媛","花園","","ＤＡＺＮ"
"2026","明治安田J1百年構想 EASTグループ","第１１節第１日","2026/04/18","2026-04-18T13:00:00+09:00","横浜FM","vs","川崎F","日産ス","","ＤＡＺＮ"
"2026","明治安田J1百年構想 EASTグループ","第１１節第１日","2026/04/18","2026-04-18T14:00:00+09:00","鹿島","vs","浦和","メルスタ","","ＤＡＺＮ／ＮＨＫ ＢＳ"
"2026","明治安田J1百年構想 EASTグループ","第１１節第１日","2026/04/18","2026-04-18T14:00:00+09:00","町田","vs","FC東京","Ｇスタ","","ＤＡＺＮ ※ＡＦＣチャンピオンズリーグエリート ２０２５／２６ 準々決勝以降に出場するクラブの試合は、４／１（水）に開催します"
"2026","明治安田J1百年構想 EASTグループ","第１１節第１日","2026/04/18","2026-04-18T15:00:00+09:00","東京V","vs","千葉","味スタ","","ＤＡＺＮ"
"2026","明治安田J1百年構想 WESTグループ","第１１節第１日","2026/04/18","2026-04-18T14:00:00+09:00","広島","vs","長崎","Ｅピース","","ＤＡＺＮ ※ＡＦＣチャンピオンズリーグエリート ２０２５／２６ 準々決勝以降に出場するクラブの試合は、４／１（水）に開催します"
"2026","明治安田J1百年構想 WESTグループ","第１１節第１日","2026/04/18","2026-04-18T16:00:00+09:00","C大阪","vs","京都","ヨドコウ","","ＤＡＺＮ"
"2026","明治安田J2・J3百年構想 EAST-Aグループ","第１１節第１日","2026/04/18","2026-04-18T14:00:00+09:00","仙台","vs","栃木C","ユアスタ","","ＤＡＺＮ"
"2026","明治安田J2・J3百年構想 EAST-Aグループ","第１１節第１日","2026/04/18","2026-04-18T14:00:00+09:00","湘南","vs","群馬","レモンＳ","","ＤＡＺＮ"
"2026","明治安田J2・J3百年構想 EAST-Bグループ","第１１節第１日","2026/04/18","2026-04-18T13:00:00+09:00","札幌","vs","松本","札幌厚別","","ＤＡＺＮ"
"2026","明治安田J2・J3百年構想 EAST-Bグループ","第１１節第１日","2026/04/18","2026-04-18T14:00:00+09:00","大宮","vs","磐田","ＮＡＣＫ","","ＤＡＺＮ"
"2026","明治安田J2・J3百年構想 EAST-Bグループ","第１１節第１日","2026/04/18","2026-04-18T14:00:00+09:00","甲府","vs","藤枝","ＪＩＴス","","ＤＡＺＮ／テレビ山梨"
"2026","明治安田J2・J3百年構想 WEST-Aグループ","第１１節第２日","2026/04/18","2026-04-18T14:00:00+09:00","新潟","vs","今治","デンカＳ","","ＤＡＺＮ"
"2026","明治安田J2・J3百年構想 WEST-Aグループ","第１１節第２日","2026/04/18","2026-04-18T14:00:00+09:00","奈良","vs","讃岐","ロートＦ","","ＤＡＺＮ"
"2026","明治安田J2・J3百年構想 WEST-Aグループ","第１１節第２日","2026/04/18","2026-04-18T14:00:00+09:00","徳島","vs","金沢","鳴門大塚","","ＤＡＺＮ"
"2026","明治安田J2・J3百年構想 WEST-Bグループ","第１１節第１日","2026/04/18","2026-04-18T13:40:00+09:00","山口","vs","鹿児島","みらスタ","","ＤＡＺＮ／山口放送"
"2026","明治安田J2・J3百年構想 WEST-Bグループ","第１１節第１日","2026/04/18","2026-04-18T16:00:00+09:00","琉球","vs","北九州","沖縄県陸","","ＤＡＺＮ"
"2026","明治安田J1百年構想 EASTグループ","第１１節第２日","2026/04/19","2026-04-19T13:00:00+09:00","水戸","vs","柏","Ｋｓスタ","","ＤＡＺＮ"
"2026","明治安田J1百年構想 WESTグループ","第１１節第２日","2026/04/19","2026-04-19T14:00:00+09:00","神戸","vs","清水","ノエスタ","","ＤＡＺＮ ※ＡＦＣチャンピオンズリーグエリート ２０２５／２６ 準々決勝以降に出場するクラブの試合は、４／１（水）に開催します"
"2026","明治安田J1百年構想 WESTグループ","第１１節第２日","2026/04/19","2026-04-19T15:00:00+09:00","G大阪","vs","岡山","パナスタ","","ＤＡＺＮ"
"2026","明治安田J1百年構想 WESTグループ","第１１節第２日","2026/04/19","2026-04-19T16:00:00+09:00","名古屋","vs","福岡","パロ瑞穂","","ＤＡＺＮ／ＮＨＫ名古屋／ＮＨＫ岐阜／ＮＨＫ津"
"2026","明治安田J2・J3百年構想 EAST-Aグループ","第１１節第２日","2026/04/19","2026-04-19T14:00:00+09:00","秋田","vs","横浜FC","ソユスタ","","ＤＡＺＮ"
"2026","明治安田J2・J3百年構想 EAST-Aグループ","第１１節第２日","2026/04/19","2026-04-19T14:00:00+09:00","山形","vs","八戸","ＮＤスタ","","ＤＡＺＮ"
"2026","明治安田J2・J3百年構想 EAST-Aグループ","第１１節第２日","2026/04/19","2026-04-19T14:00:00+09:00","栃木SC","vs","相模原","カンセキ","","ＤＡＺＮ"
"2026","明治安田J2・J3百年構想 EAST-Bグループ","第１１節第２日","2026/04/19","2026-04-19T14:00:00+09:00","福島","vs","岐阜","とうスタ","","ＤＡＺＮ"
"2026","明治安田J2・J3百年構想 EAST-Bグループ","第１１節第２日","2026/04/19","2026-04-19T14:00:00+09:00","いわき","vs","長野","ハワスタ","","ＤＡＺＮ"
"2026","明治安田J2・J3百年構想 WEST-Aグループ","第１１節第３日","2026/04/19","2026-04-19T14:00:00+09:00","富山","vs","高知","富山","","ＤＡＺＮ"
"2026","明治安田J2・J3百年構想 WEST-Bグループ","第１１節第２日","2026/04/19","2026-04-19T14:00:00+09:00","滋賀","vs","大分","ハトスタ","","ＤＡＺＮ"
"2026","明治安田J2・J3百年構想 WEST-Bグループ","第１１節第２日","2026/04/19","2026-04-19T14:00:00+09:00","鳥取","vs","宮崎","Ａｘｉｓ","","ＤＡＺＮ"
"2026","明治安田J2・J3百年構想 WEST-Bグループ","第１１節第２日","2026/04/19","2026-04-19T15:00:00+09:00","熊本","vs","鳥栖","えがおＳ","","ＤＡＺＮ"
"2026","明治安田J1百年構想 EASTグループ","第１２節第１日","2026/04/24","2026-04-24T19:00:00+09:00","柏","vs","鹿島","三協Ｆ柏","","ＤＡＺＮ"
"2026","明治安田J1百年構想 EASTグループ","第１２節第１日","2026/04/24","2026-04-24T19:00:00+09:00","FC東京","vs","水戸","味スタ","","ＤＡＺＮ"
"2026","明治安田J1百年構想 EASTグループ","第１２節第２日","2026/04/25","2026-04-25T14:00:00+09:00","浦和","vs","横浜FM","埼玉","","ＤＡＺＮ"
"2026","明治安田J1百年構想 EASTグループ","第１２節第２日","2026/04/25","2026-04-25T14:00:00+09:00","町田","vs","東京V","Ｇスタ","","ＤＡＺＮ ※ＡＦＣチャンピオンズリーグエリート ２０２５／２６ 準々決勝以降に出場するクラブの試合は、５／１３（水）に開催します"
"2026","明治安田J1百年構想 EASTグループ","第１２節第２日","2026/04/25","2026-04-25T15:00:00+09:00","川崎F","vs","千葉","Ｕ等々力","","ＤＡＺＮ"
"2026","明治安田J1百年構想 WESTグループ","第１２節第１日","2026/04/25","2026-04-25T14:00:00+09:00","清水","vs","名古屋","アイスタ","","ＤＡＺＮ"
"2026","明治安田J1百年構想 WESTグループ","第１２節第１日","2026/04/25","2026-04-25T14:00:00+09:00","岡山","vs","福岡","ＪＦＥス","","ＤＡＺＮ／ＲＳＫ山陽放送"
"2026","明治安田J1百年構想 WESTグループ","第１２節第１日","2026/04/25","2026-04-25T16:00:00+09:00","広島","vs","C大阪","Ｅピース","","ＤＡＺＮ ※ＡＦＣチャンピオンズリーグエリート ２０２５／２６ 準々決勝以降に出場するクラブの試合は、５／１３（水）に開催します"
"2026","明治安田J1百年構想 WESTグループ","第１２節第１日","2026/04/25","2026-04-25T18:30:00+09:00","長崎","vs","G大阪","ピースタ","","ＤＡＺＮ"
"2026","明治安田J2・J3百年構想 EAST-Aグループ","第１２節第１日","2026/04/25","2026-04-25T14:00:00+09:00","仙台","vs","山形","ユアスタ","","ＤＡＺＮ"
"2026","明治安田J2・J3百年構想 EAST-Aグループ","第１２節第１日","2026/04/25","2026-04-25T14:00:00+09:00","栃木C","vs","栃木SC","ＣＦＳ","","ＤＡＺＮ"
"2026","明治安田J2・J3百年構想 EAST-Aグループ","第１２節第１日","2026/04/25","2026-04-25T14:00:00+09:00","群馬","vs","横浜FC","正田スタ","","ＤＡＺＮ"
"2026","明治安田J2・J3百年構想 EAST-Aグループ","第１２節第１日","2026/04/25","2026-04-25T17:00:00+09:00","相模原","vs","湘南","ギオンス","","ＤＡＺＮ"
"2026","明治安田J2・J3百年構想 EAST-Bグループ","第１２節第１日","2026/04/25","2026-04-25T13:00:00+09:00","磐田","vs","岐阜","ヤマハ","","ＤＡＺＮ"
"2026","明治安田J2・J3百年構想 EAST-Bグループ","第１２節第１日","2026/04/25","2026-04-25T14:00:00+09:00","札幌","vs","いわき","プレド","","ＤＡＺＮ"
"2026","明治安田J2・J3百年構想 EAST-Bグループ","第１２節第１日","2026/04/25","2026-04-25T14:00:00+09:00","福島","vs","甲府","とうスタ","","ＤＡＺＮ"
"2026","明治安田J2・J3百年構想 EAST-Bグループ","第１２節第１日","2026/04/25","2026-04-25T14:00:00+09:00","藤枝","vs","大宮","藤枝サ","","ＤＡＺＮ"
"2026","明治安田J2・J3百年構想 WEST-Aグループ","第１２節第１日","2026/04/25","2026-04-25T14:00:00+09:00","新潟","vs","FC大阪","デンカＳ","","ＤＡＺＮ"
"2026","明治安田J2・J3百年構想 WEST-Aグループ","第１２節第１日","2026/04/25","2026-04-25T14:00:00+09:00","今治","vs","富山","アシさと","","ＤＡＺＮ"
"2026","明治安田J2・J3百年構想 WEST-Aグループ","第１２節第１日","2026/04/25","2026-04-25T00:00:00+09:00","金沢","vs","奈良","●未定●","","ＤＡＺＮ ※ツエーゲン金沢のホームスタジアムにおける一部設備破損の影響により、開催スタジアム未定となっています。決定次第お知らせします。"
"2026","明治安田J2・J3百年構想 WEST-Bグループ","第１２節第１日","2026/04/25","2026-04-25T14:00:00+09:00","鳥取","vs","熊本","Ａｘｉｓ","","ＤＡＺＮ"
"2026","明治安田J2・J3百年構想 WEST-Bグループ","第１２節第１日","2026/04/25","2026-04-25T14:00:00+09:00","北九州","vs","山口","ミクスタ","","ＤＡＺＮ"
"2026","明治安田J2・J3百年構想 WEST-Bグループ","第１２節第１日","2026/04/25","2026-04-25T14:00:00+09:00","鳥栖","vs","滋賀","駅スタ","","ＤＡＺＮ"
"2026","明治安田J2・J3百年構想 WEST-Bグループ","第１２節第１日","2026/04/25","2026-04-25T14:00:00+09:00","宮崎","vs","鹿児島","クロスタ","","ＤＡＺＮ"
"2026","明治安田J2・J3百年構想 WEST-Bグループ","第１２節第１日","2026/04/25","2026-04-25T19:00:00+09:00","琉球","vs","大分","沖縄県陸","","ＤＡＺＮ"
"2026","明治安田J1百年構想 WESTグループ","第１２節第２日","2026/04/26","2026-04-26T14:00:00+09:00","神戸","vs","京都","ノエスタ","","ＤＡＺＮ ※ＡＦＣチャンピオンズリーグエリート ２０２５／２６ 準々決勝以降に出場するクラブの試合は、５／１３（水）に開催します"
"2026","明治安田J2・J3百年構想 EAST-Aグループ","第１２節第２日","2026/04/26","2026-04-26T13:00:00+09:00","八戸","vs","秋田","プラスタ","","ＤＡＺＮ"
"2026","明治安田J2・J3百年構想 EAST-Bグループ","第１２節第２日","2026/04/26","2026-04-26T14:00:00+09:00","松本","vs","長野","サンアル","","ＤＡＺＮ"
"2026","明治安田J2・J3百年構想 WEST-Aグループ","第１２節第２日","2026/04/26","2026-04-26T14:00:00+09:00","高知","vs","徳島","ギケンス","","ＤＡＺＮ"
"2026","明治安田J2・J3百年構想 WEST-Aグループ","第１２節第２日","2026/04/26","2026-04-26T15:00:00+09:00","愛媛","vs","讃岐","ニンスタ","","ＤＡＺＮ"
"2026","明治安田J1百年構想 EASTグループ","第１３節第１日","2026/04/29","2026-04-29T13:00:00+09:00","東京V","vs","鹿島","味スタ","","ＤＡＺＮ"
"2026","明治安田J1百年構想 EASTグループ","第１３節第１日","2026/04/29","2026-04-29T14:00:00+09:00","千葉","vs","横浜FM","フクアリ","","ＤＡＺＮ／ＮＨＫ ＢＳ"
"2026","明治安田J1百年構想 EASTグループ","第１３節第１日","2026/04/29","2026-04-29T15:00:00+09:00","浦和","vs","川崎F","埼玉","","ＤＡＺＮ"
"2026","明治安田J1百年構想 EASTグループ","第１３節第１日","2026/04/29","2026-04-29T16:00:00+09:00","水戸","vs","町田","Ｋｓスタ","","ＤＡＺＮ"
"2026","明治安田J1百年構想 EASTグループ","第１３節第１日","2026/04/29","2026-04-29T16:00:00+09:00","柏","vs","FC東京","三協Ｆ柏","","ＤＡＺＮ"
"2026","明治安田J1百年構想 WESTグループ","第１３節第１日","2026/04/29","2026-04-29T13:00:00+09:00","清水","vs","長崎","アイスタ","","ＤＡＺＮ"
"2026","明治安田J1百年構想 WESTグループ","第１３節第１日","2026/04/29","2026-04-29T14:00:00+09:00","神戸","vs","C大阪","ノエスタ","","ＤＡＺＮ"
"2026","明治安田J1百年構想 WESTグループ","第１３節第１日","2026/04/29","2026-04-29T14:00:00+09:00","福岡","vs","広島","ベススタ","","ＤＡＺＮ"
"2026","明治安田J1百年構想 WESTグループ","第１３節第１日","2026/04/29","2026-04-29T15:00:00+09:00","名古屋","vs","岡山","パロ瑞穂","","ＤＡＺＮ"
"2026","明治安田J1百年構想 WESTグループ","第１３節第１日","2026/04/29","2026-04-29T15:00:00+09:00","京都","vs","G大阪","サンガＳ","","ＤＡＺＮ"
"2026","明治安田J2・J3百年構想 EAST-Aグループ","第１３節第１日","2026/04/29","2026-04-29T14:00:00+09:00","秋田","vs","山形","ソユスタ","","ＤＡＺＮ"
"2026","明治安田J2・J3百年構想 EAST-Aグループ","第１３節第１日","2026/04/29","2026-04-29T14:00:00+09:00","栃木SC","vs","湘南","カンセキ","","ＤＡＺＮ"
"2026","明治安田J2・J3百年構想 EAST-Aグループ","第１３節第１日","2026/04/29","2026-04-29T14:00:00+09:00","群馬","vs","仙台","正田スタ","","ＤＡＺＮ"
"2026","明治安田J2・J3百年構想 EAST-Aグループ","第１３節第１日","2026/04/29","2026-04-29T14:00:00+09:00","横浜FC","vs","八戸","ニッパツ","","ＤＡＺＮ"
"2026","明治安田J2・J3百年構想 EAST-Aグループ","第１３節第１日","2026/04/29","2026-04-29T14:00:00+09:00","相模原","vs","栃木C","ギオンス","","ＤＡＺＮ"
"2026","明治安田J2・J3百年構想 EAST-Bグループ","第１３節第１日","2026/04/29","2026-04-29T13:00:00+09:00","いわき","vs","岐阜","ハワスタ","","ＤＡＺＮ"
"2026","明治安田J2・J3百年構想 EAST-Bグループ","第１３節第１日","2026/04/29","2026-04-29T14:00:00+09:00","札幌","vs","藤枝","プレド","","ＤＡＺＮ"
"2026","明治安田J2・J3百年構想 EAST-Bグループ","第１３節第１日","2026/04/29","2026-04-29T14:00:00+09:00","大宮","vs","甲府","ＮＡＣＫ","","ＤＡＺＮ"
"2026","明治安田J2・J3百年構想 EAST-Bグループ","第１３節第１日","2026/04/29","2026-04-29T18:00:00+09:00","松本","vs","磐田","サンアル","","ＤＡＺＮ"
"2026","明治安田J2・J3百年構想 EAST-Bグループ","第１３節第１日","2026/04/29","2026-04-29T18:00:00+09:00","長野","vs","福島","長野Ｕ","","ＤＡＺＮ"
"2026","明治安田J2・J3百年構想 WEST-Aグループ","第１３節第１日","2026/04/29","2026-04-29T14:00:00+09:00","富山","vs","新潟","富山","","ＤＡＺＮ"
"2026","明治安田J2・J3百年構想 WEST-Aグループ","第１３節第１日","2026/04/29","2026-04-29T14:00:00+09:00","FC大阪","vs","徳島","花園","","ＤＡＺＮ"
"2026","明治安田J2・J3百年構想 WEST-Aグループ","第１３節第１日","2026/04/29","2026-04-29T14:00:00+09:00","奈良","vs","高知","ロートＦ","","ＤＡＺＮ"
"2026","明治安田J2・J3百年構想 WEST-Aグループ","第１３節第１日","2026/04/29","2026-04-29T14:00:00+09:00","讃岐","vs","金沢","●未定●","","ＤＡＺＮ"
"2026","明治安田J2・J3百年構想 WEST-Aグループ","第１３節第１日","2026/04/29","2026-04-29T17:00:00+09:00","愛媛","vs","今治","ニンスタ","","ＤＡＺＮ"
"2026","明治安田J2・J3百年構想 WEST-Bグループ","第１３節第１日","2026/04/29","2026-04-29T14:00:00+09:00","滋賀","vs","鳥取","ハトスタ","","ＤＡＺＮ"
"2026","明治安田J2・J3百年構想 WEST-Bグループ","第１３節第１日","2026/04/29","2026-04-29T14:00:00+09:00","山口","vs","琉球","みらスタ","","ＤＡＺＮ／山口朝日放送"
"2026","明治安田J2・J3百年構想 WEST-Bグループ","第１３節第１日","2026/04/29","2026-04-29T14:00:00+09:00","大分","vs","熊本","クラド","","ＤＡＺＮ"
"2026","明治安田J2・J3百年構想 WEST-Bグループ","第１３節第１日","2026/04/29","2026-04-29T14:00:00+09:00","宮崎","vs","北九州","いちご","","ＤＡＺＮ"
"2026","明治安田J2・J3百年構想 WEST-Bグループ","第１３節第１日","2026/04/29","2026-04-29T14:00:00+09:00","鹿児島","vs","鳥栖","白波スタ","","ＤＡＺＮ"
"2026","明治安田J1百年構想 EASTグループ","第１４節第１日","2026/05/02","2026-05-02T14:00:00+09:00","FC東京","vs","川崎F","味スタ","","ＤＡＺＮ／ＮＨＫ ＢＳ"
"2026","明治安田J1百年構想 EASTグループ","第１４節第１日","2026/05/02","2026-05-02T14:00:00+09:00","横浜FM","vs","水戸","日産ス","","ＤＡＺＮ"
"2026","明治安田J1百年構想 EASTグループ","第１４節第１日","2026/05/02","2026-05-02T16:00:00+09:00","浦和","vs","千葉","埼玉","","ＤＡＺＮ"
"2026","明治安田J1百年構想 WESTグループ","第１４節第１日","2026/05/02","2026-05-02T12:55:00+09:00","岡山","vs","広島","ＪＦＥス","","ＤＡＺＮ／テレビせとうち"
"2026","明治安田J1百年構想 WESTグループ","第１４節第１日","2026/05/02","2026-05-02T14:00:00+09:00","京都","vs","清水","サンガＳ","","ＤＡＺＮ"
"2026","明治安田J1百年構想 WESTグループ","第１４節第１日","2026/05/02","2026-05-02T15:00:00+09:00","G大阪","vs","神戸","パナスタ","","ＤＡＺＮ"
"2026","明治安田J2・J3百年構想 EAST-Aグループ","第１４節第１日","2026/05/02","2026-05-02T14:00:00+09:00","仙台","vs","秋田","ユアスタ","","ＤＡＺＮ"
"2026","明治安田J2・J3百年構想 EAST-Aグループ","第１４節第１日","2026/05/02","2026-05-02T14:00:00+09:00","横浜FC","vs","相模原","ニッパツ","","ＤＡＺＮ"
"2026","明治安田J2・J3百年構想 EAST-Aグループ","第１４節第１日","2026/05/02","2026-05-02T14:00:00+09:00","湘南","vs","栃木C","レモンＳ","","ＤＡＺＮ"
"2026","明治安田J2・J3百年構想 EAST-Bグループ","第１４節第１日","2026/05/02","2026-05-02T14:00:00+09:00","磐田","vs","いわき","ヤマハ","","ＤＡＺＮ"
"2026","明治安田J2・J3百年構想 EAST-Bグループ","第１４節第１日","2026/05/02","2026-05-02T14:00:00+09:00","岐阜","vs","札幌","長良川","","ＤＡＺＮ"
"2026","明治安田J2・J3百年構想 EAST-Bグループ","第１４節第１日","2026/05/02","2026-05-02T18:00:00+09:00","長野","vs","藤枝","長野Ｕ","","ＤＡＺＮ"
"2026","明治安田J2・J3百年構想 WEST-Aグループ","第１４節第１日","2026/05/02","2026-05-02T14:00:00+09:00","徳島","vs","愛媛","鳴門大塚","","ＤＡＺＮ"
"2026","明治安田J2・J3百年構想 WEST-Aグループ","第１４節第１日","2026/05/02","2026-05-02T14:00:00+09:00","高知","vs","FC大阪","ギケンス","","ＤＡＺＮ"
"2026","明治安田J2・J3百年構想 WEST-Bグループ","第１４節第１日","2026/05/02","2026-05-02T14:00:00+09:00","鳥栖","vs","宮崎","駅スタ","","ＤＡＺＮ"
"2026","明治安田J2・J3百年構想 WEST-Bグループ","第１４節第１日","2026/05/02","2026-05-02T15:00:00+09:00","鳥取","vs","山口","Ａｘｉｓ","","ＤＡＺＮ"
"2026","明治安田J1百年構想 EASTグループ","第１４節第２日","2026/05/03","2026-05-03T14:00:00+09:00","東京V","vs","柏","味スタ","","ＤＡＺＮ"
"2026","明治安田J1百年構想 EASTグループ","第１４節第２日","2026/05/03","2026-05-03T16:00:00+09:00","鹿島","vs","町田","メルスタ","","ＤＡＺＮ"
"2026","明治安田J1百年構想 WESTグループ","第１４節第２日","2026/05/03","2026-05-03T15:00:00+09:00","C大阪","vs","福岡","ヨドコウ","","ＤＡＺＮ"
"2026","明治安田J1百年構想 WESTグループ","第１４節第２日","2026/05/03","2026-05-03T17:00:00+09:00","長崎","vs","名古屋","ピースタ","","ＤＡＺＮ"
"2026","明治安田J2・J3百年構想 EAST-Aグループ","第１４節第２日","2026/05/03","2026-05-03T13:00:00+09:00","八戸","vs","群馬","プラスタ","","ＤＡＺＮ"
"2026","明治安田J2・J3百年構想 EAST-Aグループ","第１４節第２日","2026/05/03","2026-05-03T14:00:00+09:00","山形","vs","栃木SC","ＮＤスタ","","ＤＡＺＮ"
"2026","明治安田J2・J3百年構想 EAST-Bグループ","第１４節第２日","2026/05/03","2026-05-03T13:00:00+09:00","松本","vs","甲府","サンアル","","ＤＡＺＮ／テレビ信州"
"2026","明治安田J2・J3百年構想 EAST-Bグループ","第１４節第２日","2026/05/03","2026-05-03T14:00:00+09:00","福島","vs","大宮","とうスタ","","ＤＡＺＮ"
"2026","明治安田J2・J3百年構想 WEST-Aグループ","第１４節第２日","2026/05/03","2026-05-03T14:00:00+09:00","新潟","vs","讃岐","デンカＳ","","ＤＡＺＮ"
"2026","明治安田J2・J3百年構想 WEST-Aグループ","第１４節第２日","2026/05/03","2026-05-03T14:00:00+09:00","今治","vs","奈良","アシさと","","ＤＡＺＮ"
"2026","明治安田J2・J3百年構想 WEST-Bグループ","第１４節第２日","2026/05/03","2026-05-03T14:00:00+09:00","北九州","vs","大分","ミクスタ","","ＤＡＺＮ"
"2026","明治安田J2・J3百年構想 WEST-Bグループ","第１４節第２日","2026/05/03","2026-05-03T14:00:00+09:00","熊本","vs","滋賀","えがおＳ","","ＤＡＺＮ"
"2026","明治安田J2・J3百年構想 WEST-Bグループ","第１４節第２日","2026/05/03","2026-05-03T18:00:00+09:00","琉球","vs","鹿児島","沖縄県陸","","ＤＡＺＮ"
"2026","明治安田J1百年構想 EASTグループ","第１５節第１日","2026/05/06","2026-05-06T15:00:00+09:00","FC東京","vs","千葉","味スタ","","ＤＡＺＮ"
"2026","明治安田J1百年構想 EASTグループ","第１５節第１日","2026/05/06","2026-05-06T16:00:00+09:00","鹿島","vs","水戸","メルスタ","","ＤＡＺＮ"
"2026","明治安田J1百年構想 EASTグループ","第１５節第１日","2026/05/06","2026-05-06T16:00:00+09:00","町田","vs","横浜FM","Ｇスタ","","ＤＡＺＮ"
"2026","明治安田J1百年構想 EASTグループ","第１５節第１日","2026/05/06","2026-05-06T17:00:00+09:00","川崎F","vs","東京V","Ｕ等々力","","ＤＡＺＮ"
"2026","明治安田J1百年構想 EASTグループ","第１５節第１日","2026/05/06","2026-05-06T19:00:00+09:00","柏","vs","浦和","三協Ｆ柏","","ＤＡＺＮ"
"2026","明治安田J1百年構想 WESTグループ","第１５節第１日","2026/05/06","2026-05-06T13:00:00+09:00","清水","vs","C大阪","アイスタ","","ＤＡＺＮ"
"2026","明治安田J1百年構想 WESTグループ","第１５節第１日","2026/05/06","2026-05-06T13:00:00+09:00","長崎","vs","岡山","ピースタ","","ＤＡＺＮ"
"2026","明治安田J1百年構想 WESTグループ","第１５節第１日","2026/05/06","2026-05-06T14:00:00+09:00","名古屋","vs","G大阪","豊田ス","","ＤＡＺＮ"
"2026","明治安田J1百年構想 WESTグループ","第１５節第１日","2026/05/06","2026-05-06T14:00:00+09:00","福岡","vs","京都","ベススタ","","ＤＡＺＮ"
"2026","明治安田J1百年構想 WESTグループ","第１５節第１日","2026/05/06","2026-05-06T15:00:00+09:00","広島","vs","神戸","Ｅピース","","ＤＡＺＮ／ＮＨＫ ＢＳ"
"2026","明治安田J2・J3百年構想 EAST-Aグループ","第１５節第１日","2026/05/06","2026-05-06T14:00:00+09:00","八戸","vs","湘南","プラスタ","","ＤＡＺＮ"
"2026","明治安田J2・J3百年構想 EAST-Aグループ","第１５節第１日","2026/05/06","2026-05-06T14:00:00+09:00","仙台","vs","栃木SC","ユアスタ","","ＤＡＺＮ"
"2026","明治安田J2・J3百年構想 EAST-Aグループ","第１５節第１日","2026/05/06","2026-05-06T14:00:00+09:00","山形","vs","群馬","ＮＤスタ","","ＤＡＺＮ"
"2026","明治安田J2・J3百年構想 EAST-Aグループ","第１５節第１日","2026/05/06","2026-05-06T14:00:00+09:00","栃木C","vs","横浜FC","ＣＦＳ","","ＤＡＺＮ"
"2026","明治安田J2・J3百年構想 EAST-Aグループ","第１５節第１日","2026/05/06","2026-05-06T15:00:00+09:00","秋田","vs","相模原","ソユスタ","","ＤＡＺＮ"
"2026","明治安田J2・J3百年構想 EAST-Bグループ","第１５節第１日","2026/05/06","2026-05-06T14:00:00+09:00","札幌","vs","長野","プレド","","ＤＡＺＮ"
"2026","明治安田J2・J3百年構想 EAST-Bグループ","第１５節第１日","2026/05/06","2026-05-06T14:00:00+09:00","大宮","vs","いわき","ＮＡＣＫ","","ＤＡＺＮ"
"2026","明治安田J2・J3百年構想 EAST-Bグループ","第１５節第１日","2026/05/06","2026-05-06T14:00:00+09:00","甲府","vs","磐田","ＪＩＴス","","ＤＡＺＮ"
"2026","明治安田J2・J3百年構想 EAST-Bグループ","第１５節第１日","2026/05/06","2026-05-06T14:00:00+09:00","藤枝","vs","福島","藤枝サ","","ＤＡＺＮ"
"2026","明治安田J2・J3百年構想 EAST-Bグループ","第１５節第１日","2026/05/06","2026-05-06T19:00:00+09:00","岐阜","vs","松本","長良川","","ＤＡＺＮ"
"2026","明治安田J2・J3百年構想 WEST-Aグループ","第１５節第１日","2026/05/06","2026-05-06T14:00:00+09:00","新潟","vs","徳島","デンカＳ","","ＤＡＺＮ／新潟放送"
"2026","明治安田J2・J3百年構想 WEST-Aグループ","第１５節第１日","2026/05/06","2026-05-06T14:00:00+09:00","富山","vs","讃岐","富山","","ＤＡＺＮ"
"2026","明治安田J2・J3百年構想 WEST-Aグループ","第１５節第１日","2026/05/06","2026-05-06T14:00:00+09:00","奈良","vs","FC大阪","ロートＦ","","ＤＡＺＮ"
"2026","明治安田J2・J3百年構想 WEST-Aグループ","第１５節第１日","2026/05/06","2026-05-06T14:00:00+09:00","今治","vs","高知","アシさと","","ＤＡＺＮ／愛媛朝日テレビ"
"2026","明治安田J2・J3百年構想 WEST-Aグループ","第１５節第１日","2026/05/06","2026-05-06T00:00:00+09:00","金沢","vs","愛媛","●未定●","","ＤＡＺＮ ※ツエーゲン金沢のホームスタジアムにおける一部設備破損の影響により、開催スタジアム未定となっています。決定次第お知らせします。"
"2026","明治安田J2・J3百年構想 WEST-Bグループ","第１５節第１日","2026/05/06","2026-05-06T14:00:00+09:00","滋賀","vs","山口","ハトスタ","","ＤＡＺＮ"
"2026","明治安田J2・J3百年構想 WEST-Bグループ","第１５節第１日","2026/05/06","2026-05-06T14:00:00+09:00","北九州","vs","熊本","ミクスタ","","ＤＡＺＮ"
"2026","明治安田J2・J3百年構想 WEST-Bグループ","第１５節第１日","2026/05/06","2026-05-06T14:00:00+09:00","鳥栖","vs","鳥取","●未定●","","ＤＡＺＮ"
"2026","明治安田J2・J3百年構想 WEST-Bグループ","第１５節第１日","2026/05/06","2026-05-06T14:00:00+09:00","宮崎","vs","琉球","いちご","","ＤＡＺＮ"
"2026","明治安田J2・J3百年構想 WEST-Bグループ","第１５節第１日","2026/05/06","2026-05-06T14:00:00+09:00","鹿児島","vs","大分","白波スタ","","ＤＡＺＮ"
"2026","明治安田J1百年構想 EASTグループ","第１６節第１日","2026/05/09","2026-05-09T14:00:00+09:00","水戸","vs","浦和","Ｋｓスタ","","ＤＡＺＮ／ＮＨＫ ＢＳ"
"2026","明治安田J1百年構想 WESTグループ","第１６節第１日","2026/05/09","2026-05-09T16:00:00+09:00","C大阪","vs","長崎","ヨドコウ","","ＤＡＺＮ"
"2026","明治安田J2・J3百年構想 EAST-Aグループ","第１６節第１日","2026/05/09","2026-05-09T14:00:00+09:00","群馬","vs","栃木C","正田スタ","","ＤＡＺＮ"
"2026","明治安田J2・J3百年構想 EAST-Bグループ","第１６節第１日","2026/05/09","2026-05-09T14:00:00+09:00","札幌","vs","大宮","プレド","","ＤＡＺＮ"
"2026","明治安田J2・J3百年構想 EAST-Bグループ","第１６節第１日","2026/05/09","2026-05-09T14:00:00+09:00","いわき","vs","甲府","ハワスタ","","ＤＡＺＮ"
"2026","明治安田J2・J3百年構想 EAST-Bグループ","第１６節第１日","2026/05/09","2026-05-09T18:00:00+09:00","長野","vs","岐阜","長野Ｕ","","ＤＡＺＮ"
"2026","明治安田J2・J3百年構想 WEST-Aグループ","第１６節第１日","2026/05/09","2026-05-09T14:00:00+09:00","FC大阪","vs","今治","花園","","ＤＡＺＮ"
"2026","明治安田J2・J3百年構想 WEST-Bグループ","第１６節第１日","2026/05/09","2026-05-09T14:00:00+09:00","山口","vs","宮崎","みらスタ","","ＤＡＺＮ"
"2026","明治安田J1百年構想 EASTグループ","第１６節第２日","2026/05/10","2026-05-10T14:00:00+09:00","横浜FM","vs","鹿島","日産ス","","ＤＡＺＮ"
"2026","明治安田J1百年構想 EASTグループ","第１６節第２日","2026/05/10","2026-05-10T15:00:00+09:00","FC東京","vs","東京V","味スタ","","ＤＡＺＮ"
"2026","明治安田J1百年構想 EASTグループ","第１６節第２日","2026/05/10","2026-05-10T16:00:00+09:00","柏","vs","川崎F","三協Ｆ柏","","ＤＡＺＮ"
"2026","明治安田J1百年構想 EASTグループ","第１６節第２日","2026/05/10","2026-05-10T17:00:00+09:00","千葉","vs","町田","フクアリ","","ＤＡＺＮ"
"2026","明治安田J1百年構想 WESTグループ","第１６節第２日","2026/05/10","2026-05-10T14:00:00+09:00","清水","vs","福岡","アイスタ","","ＤＡＺＮ"
"2026","明治安田J1百年構想 WESTグループ","第１６節第２日","2026/05/10","2026-05-10T14:00:00+09:00","神戸","vs","岡山","ノエスタ","","ＤＡＺＮ"
"2026","明治安田J1百年構想 WESTグループ","第１６節第２日","2026/05/10","2026-05-10T15:00:00+09:00","G大阪","vs","広島","パナスタ","","ＤＡＺＮ"
"2026","明治安田J1百年構想 WESTグループ","第１６節第２日","2026/05/10","2026-05-10T16:00:00+09:00","名古屋","vs","京都","豊田ス","","ＤＡＺＮ"
"2026","明治安田J2・J3百年構想 EAST-Aグループ","第１６節第２日","2026/05/10","2026-05-10T14:00:00+09:00","八戸","vs","仙台","プラスタ","","ＤＡＺＮ"
"2026","明治安田J2・J3百年構想 EAST-Aグループ","第１６節第２日","2026/05/10","2026-05-10T14:00:00+09:00","山形","vs","相模原","ＮＤスタ","","ＤＡＺＮ"
"2026","明治安田J2・J3百年構想 EAST-Aグループ","第１６節第２日","2026/05/10","2026-05-10T14:00:00+09:00","栃木SC","vs","秋田","カンセキ","","ＤＡＺＮ"
"2026","明治安田J2・J3百年構想 EAST-Aグループ","第１６節第２日","2026/05/10","2026-05-10T14:00:00+09:00","湘南","vs","横浜FC","レモンＳ","","ＤＡＺＮ"
"2026","明治安田J2・J3百年構想 EAST-Bグループ","第１６節第２日","2026/05/10","2026-05-10T14:00:00+09:00","福島","vs","磐田","とうスタ","","ＤＡＺＮ"
"2026","明治安田J2・J3百年構想 EAST-Bグループ","第１６節第２日","2026/05/10","2026-05-10T14:00:00+09:00","松本","vs","藤枝","サンアル","","ＤＡＺＮ"
"2026","明治安田J2・J3百年構想 WEST-Aグループ","第１６節第２日","2026/05/10","2026-05-10T14:00:00+09:00","讃岐","vs","高知","メグスタ","","ＤＡＺＮ"
"2026","明治安田J2・J3百年構想 WEST-Aグループ","第１６節第２日","2026/05/10","2026-05-10T14:00:00+09:00","徳島","vs","奈良","鳴門大塚","","ＤＡＺＮ"
"2026","明治安田J2・J3百年構想 WEST-Aグループ","第１６節第２日","2026/05/10","2026-05-10T15:00:00+09:00","愛媛","vs","富山","ニンスタ","","ＤＡＺＮ"
"2026","明治安田J2・J3百年構想 WEST-Aグループ","第１６節第２日","2026/05/10","2026-05-10T00:00:00+09:00","金沢","vs","新潟","●未定●","","ＤＡＺＮ／北陸放送／ ※ツエーゲン金沢のホームスタジアムにおける一部設備破損の影響により、開催スタジアム未定となっています。決定次第お知らせします。"
"2026","明治安田J2・J3百年構想 WEST-Bグループ","第１６節第２日","2026/05/10","2026-05-10T14:00:00+09:00","滋賀","vs","鹿児島","ハトスタ","","ＤＡＺＮ"
"2026","明治安田J2・J3百年構想 WEST-Bグループ","第１６節第２日","2026/05/10","2026-05-10T14:00:00+09:00","鳥取","vs","北九州","Ａｘｉｓ","","ＤＡＺＮ"
"2026","明治安田J2・J3百年構想 WEST-Bグループ","第１６節第２日","2026/05/10","2026-05-10T14:00:00+09:00","熊本","vs","琉球","えがおＳ","","ＤＡＺＮ"
"2026","明治安田J2・J3百年構想 WEST-Bグループ","第１６節第２日","2026/05/10","2026-05-10T14:00:00+09:00","大分","vs","鳥栖","クラド","","ＤＡＺＮ"
"2026","明治安田J1百年構想 EASTグループ","第１７節第１日","2026/05/16","2026-05-16T14:00:00+09:00","水戸","vs","東京V","Ｋｓスタ","","ＤＡＺＮ"
"2026","明治安田J1百年構想 EASTグループ","第１７節第１日","2026/05/16","2026-05-16T16:00:00+09:00","浦和","vs","FC東京","埼玉","","ＤＡＺＮ"
"2026","明治安田J1百年構想 EASTグループ","第１７節第１日","2026/05/16","2026-05-16T17:00:00+09:00","横浜FM","vs","柏","日産ス","","ＤＡＺＮ"
"2026","明治安田J2・J3百年構想 EAST-Aグループ","第１７節第１日","2026/05/16","2026-05-16T14:00:00+09:00","栃木C","vs","山形","ＣＦＳ","","ＤＡＺＮ"
"2026","明治安田J2・J3百年構想 EAST-Aグループ","第１７節第１日","2026/05/16","2026-05-16T14:00:00+09:00","湘南","vs","仙台","レモンＳ","","ＤＡＺＮ"
"2026","明治安田J2・J3百年構想 EAST-Aグループ","第１７節第１日","2026/05/16","2026-05-16T14:00:00+09:00","相模原","vs","八戸","ギオンス","","ＤＡＺＮ"
"2026","明治安田J2・J3百年構想 EAST-Bグループ","第１７節第１日","2026/05/16","2026-05-16T14:00:00+09:00","福島","vs","札幌","とうスタ","","ＤＡＺＮ"
"2026","明治安田J2・J3百年構想 EAST-Bグループ","第１７節第１日","2026/05/16","2026-05-16T14:30:00+09:00","磐田","vs","藤枝","ヤマハ","","ＤＡＺＮ／静岡放送"
"2026","明治安田J2・J3百年構想 EAST-Bグループ","第１７節第１日","2026/05/16","2026-05-16T16:00:00+09:00","甲府","vs","岐阜","ＪＩＴス","","ＤＡＺＮ"
"2026","明治安田J2・J3百年構想 WEST-Aグループ","第１７節第１日","2026/05/16","2026-05-16T14:00:00+09:00","新潟","vs","奈良","デンカＳ","","ＤＡＺＮ"
"2026","明治安田J2・J3百年構想 WEST-Bグループ","第１７節第１日","2026/05/16","2026-05-16T14:00:00+09:00","鳥栖","vs","山口","駅スタ","","ＤＡＺＮ"
"2026","明治安田J1百年構想 EASTグループ","第１７節第２日","2026/05/17","2026-05-17T14:00:00+09:00","千葉","vs","鹿島","フクアリ","","ＤＡＺＮ"
"2026","明治安田J1百年構想 EASTグループ","第１７節第２日","2026/05/17","2026-05-17T19:00:00+09:00","川崎F","vs","町田","Ｕ等々力","","ＤＡＺＮ"
"2026","明治安田J1百年構想 WESTグループ","第１７節第１日","2026/05/17","2026-05-17T13:00:00+09:00","長崎","vs","神戸","ピースタ","","ＤＡＺＮ"
"2026","明治安田J1百年構想 WESTグループ","第１７節第１日","2026/05/17","2026-05-17T14:00:00+09:00","岡山","vs","清水","ＪＦＥス","","ＤＡＺＮ"
"2026","明治安田J1百年構想 WESTグループ","第１７節第１日","2026/05/17","2026-05-17T15:00:00+09:00","京都","vs","広島","サンガＳ","","ＤＡＺＮ"
"2026","明治安田J1百年構想 WESTグループ","第１７節第１日","2026/05/17","2026-05-17T15:00:00+09:00","C大阪","vs","名古屋","ヨドコウ","","ＤＡＺＮ"
"2026","明治安田J1百年構想 WESTグループ","第１７節第１日","2026/05/17","2026-05-17T16:00:00+09:00","G大阪","vs","福岡","パナスタ","","ＤＡＺＮ ※ＡＦＣチャンピオンズリーグ２ ２０２５／２６ 準決勝以降に出場するクラブの試合は、４／２２（水）に開催します"
"2026","明治安田J2・J3百年構想 EAST-Aグループ","第１７節第２日","2026/05/17","2026-05-17T14:00:00+09:00","秋田","vs","群馬","ソユスタ","","ＤＡＺＮ"
"2026","明治安田J2・J3百年構想 EAST-Aグループ","第１７節第２日","2026/05/17","2026-05-17T14:00:00+09:00","横浜FC","vs","栃木SC","ニッパツ","","ＤＡＺＮ"
"2026","明治安田J2・J3百年構想 EAST-Bグループ","第１７節第２日","2026/05/17","2026-05-17T14:00:00+09:00","いわき","vs","松本","ハワスタ","","ＤＡＺＮ"
"2026","明治安田J2・J3百年構想 EAST-Bグループ","第１７節第２日","2026/05/17","2026-05-17T14:00:00+09:00","大宮","vs","長野","ＮＡＣＫ","","ＤＡＺＮ"
"2026","明治安田J2・J3百年構想 WEST-Aグループ","第１７節第２日","2026/05/17","2026-05-17T14:00:00+09:00","富山","vs","徳島","富山","","ＤＡＺＮ"
"2026","明治安田J2・J3百年構想 WEST-Aグループ","第１７節第２日","2026/05/17","2026-05-17T14:00:00+09:00","FC大阪","vs","金沢","花園","","ＤＡＺＮ"
"2026","明治安田J2・J3百年構想 WEST-Aグループ","第１７節第２日","2026/05/17","2026-05-17T14:00:00+09:00","今治","vs","讃岐","アシさと","","ＤＡＺＮ"
"2026","明治安田J2・J3百年構想 WEST-Aグループ","第１７節第２日","2026/05/17","2026-05-17T14:00:00+09:00","高知","vs","愛媛","ギケンス","","ＤＡＺＮ"
"2026","明治安田J2・J3百年構想 WEST-Bグループ","第１７節第２日","2026/05/17","2026-05-17T14:00:00+09:00","大分","vs","宮崎","クラド","","ＤＡＺＮ"
"2026","明治安田J2・J3百年構想 WEST-Bグループ","第１７節第２日","2026/05/17","2026-05-17T14:00:00+09:00","鹿児島","vs","熊本","白波スタ","","ＤＡＺＮ"
"2026","明治安田J2・J3百年構想 WEST-Bグループ","第１７節第２日","2026/05/17","2026-05-17T18:00:00+09:00","琉球","vs","鳥取","沖縄県陸","","ＤＡＺＮ"
"2026","明治安田J2・J3百年構想 WEST-Bグループ","第１７節第２日","2026/05/17","2026-05-17T00:00:00+09:00","滋賀","vs","北九州","ハトスタ","","ＤＡＺＮ"
"2026","明治安田J1百年構想 EASTグループ","第１８節第１日","2026/05/22","2026-05-22T19:30:00+09:00","町田","vs","浦和","MUFG国立","","ＤＡＺＮ"
"2026","明治安田J1百年構想 EASTグループ","第１８節第２日","2026/05/23","2026-05-23T17:30:00+09:00","鹿島","vs","FC東京","メルスタ","","ＤＡＺＮ／ＮＨＫ ＢＳ"
"2026","明治安田J1百年構想 EASTグループ","第１８節第２日","2026/05/23","2026-05-23T18:00:00+09:00","柏","vs","千葉","三協Ｆ柏","","ＤＡＺＮ"
"2026","明治安田J1百年構想 WESTグループ","第１８節第１日","2026/05/23","2026-05-23T14:00:00+09:00","広島","vs","名古屋","Ｅピース","","ＤＡＺＮ／ＮＨＫ広島"
"2026","明治安田J1百年構想 WESTグループ","第１８節第１日","2026/05/23","2026-05-23T14:00:00+09:00","福岡","vs","神戸","ベススタ","","ＤＡＺＮ／テレビ西日本"
"2026","明治安田J1百年構想 WESTグループ","第１８節第１日","2026/05/23","2026-05-23T19:00:00+09:00","京都","vs","長崎","サンガＳ","","ＤＡＺＮ"
"2026","明治安田J2・J3百年構想 EAST-Aグループ","第１８節第１日","2026/05/23","2026-05-23T14:00:00+09:00","仙台","vs","横浜FC","ユアスタ","","ＤＡＺＮ"
"2026","明治安田J2・J3百年構想 EAST-Aグループ","第１８節第１日","2026/05/23","2026-05-23T14:00:00+09:00","群馬","vs","相模原","正田スタ","","ＤＡＺＮ"
"2026","明治安田J2・J3百年構想 EAST-Bグループ","第１８節第１日","2026/05/23","2026-05-23T14:00:00+09:00","札幌","vs","磐田","プレド","","ＤＡＺＮ"
"2026","明治安田J2・J3百年構想 EAST-Bグループ","第１８節第１日","2026/05/23","2026-05-23T14:00:00+09:00","藤枝","vs","いわき","藤枝サ","","ＤＡＺＮ"
"2026","明治安田J2・J3百年構想 EAST-Bグループ","第１８節第１日","2026/05/23","2026-05-23T14:00:00+09:00","岐阜","vs","大宮","長良川","","ＤＡＺＮ"
"2026","明治安田J2・J3百年構想 EAST-Bグループ","第１８節第１日","2026/05/23","2026-05-23T16:00:00+09:00","長野","vs","甲府","長野Ｕ","","ＤＡＺＮ"
"2026","明治安田J2・J3百年構想 WEST-Aグループ","第１８節第１日","2026/05/23","2026-05-23T14:00:00+09:00","新潟","vs","愛媛","デンカＳ","","ＤＡＺＮ"
"2026","明治安田J2・J3百年構想 WEST-Aグループ","第１８節第１日","2026/05/23","2026-05-23T14:00:00+09:00","奈良","vs","富山","ロートＦ","","ＤＡＺＮ"
"2026","明治安田J2・J3百年構想 WEST-Bグループ","第１８節第１日","2026/05/23","2026-05-23T14:00:00+09:00","山口","vs","熊本","みらスタ","","ＤＡＺＮ／テレビ山口"
"2026","明治安田J2・J3百年構想 WEST-Bグループ","第１８節第１日","2026/05/23","2026-05-23T14:00:00+09:00","鳥栖","vs","琉球","駅スタ","","ＤＡＺＮ"
"2026","明治安田J1百年構想 EASTグループ","第１８節第３日","2026/05/24","2026-05-24T14:00:00+09:00","水戸","vs","川崎F","Ｋｓスタ","","ＤＡＺＮ"
"2026","明治安田J1百年構想 EASTグループ","第１８節第３日","2026/05/24","2026-05-24T14:00:00+09:00","東京V","vs","横浜FM","味スタ","","ＤＡＺＮ"
"2026","明治安田J1百年構想 WESTグループ","第１８節第２日","2026/05/24","2026-05-24T12:55:00+09:00","岡山","vs","C大阪","ＪＦＥス","","ＤＡＺＮ／岡山放送"
"2026","明治安田J1百年構想 WESTグループ","第１８節第２日","2026/05/24","2026-05-24T17:00:00+09:00","清水","vs","G大阪","MUFG国立","","ＤＡＺＮ"
"2026","明治安田J2・J3百年構想 EAST-Aグループ","第１８節第２日","2026/05/24","2026-05-24T13:00:00+09:00","八戸","vs","栃木SC","プラスタ","","ＤＡＺＮ"
"2026","明治安田J2・J3百年構想 EAST-Aグループ","第１８節第２日","2026/05/24","2026-05-24T14:00:00+09:00","秋田","vs","栃木C","ソユスタ","","ＤＡＺＮ"
"2026","明治安田J2・J3百年構想 EAST-Aグループ","第１８節第２日","2026/05/24","2026-05-24T14:00:00+09:00","山形","vs","湘南","ＮＤスタ","","ＤＡＺＮ"
"2026","明治安田J2・J3百年構想 EAST-Bグループ","第１８節第２日","2026/05/24","2026-05-24T14:00:00+09:00","松本","vs","福島","サンアル","","ＤＡＺＮ"
"2026","明治安田J2・J3百年構想 WEST-Aグループ","第１８節第２日","2026/05/24","2026-05-24T14:00:00+09:00","讃岐","vs","FC大阪","メグスタ","","ＤＡＺＮ"
"2026","明治安田J2・J3百年構想 WEST-Aグループ","第１８節第２日","2026/05/24","2026-05-24T14:00:00+09:00","徳島","vs","今治","鳴門大塚","","ＤＡＺＮ"
"2026","明治安田J2・J3百年構想 WEST-Bグループ","第１８節第２日","2026/05/24","2026-05-24T14:00:00+09:00","鳥取","vs","大分","Ａｘｉｓ","","ＤＡＺＮ"
"2026","明治安田J2・J3百年構想 WEST-Bグループ","第１８節第２日","2026/05/24","2026-05-24T14:00:00+09:00","北九州","vs","鹿児島","ミクスタ","","ＤＡＺＮ"
"2026","明治安田J2・J3百年構想 WEST-Bグループ","第１８節第２日","2026/05/24","2026-05-24T14:00:00+09:00","宮崎","vs","滋賀","いちご","","ＤＡＺＮ"
"2026","明治安田J1百年構想 プレーオフラウンド","第１戦第１日","2026/05/30","2026-05-30T14:00:00+09:00","広島","vs","未定","Ｅピース","","ＤＡＺＮ"
"2026","明治安田J1百年構想 プレーオフラウンド","第１戦第１日","2026/05/30","2026-05-30T15:00:00+09:00","C大阪","vs","未定","ヨドコウ","","ＤＡＺＮ"
"2026","明治安田J1百年構想 プレーオフラウンド","第１戦第１日","2026/05/30","2026-05-30T15:00:00+09:00","神戸","vs","未定","ノエスタ","","ＤＡＺＮ"
"2026","明治安田J1百年構想 プレーオフラウンド","第１戦第１日","2026/05/30","2026-05-30T16:00:00+09:00","G大阪","vs","未定","パナスタ","","ＤＡＺＮ"
"2026","明治安田J1百年構想 プレーオフラウンド","第１戦第１日","2026/05/30","2026-05-30T16:00:00+09:00","福岡","vs","未定","ベススタ","","ＤＡＺＮ"
"2026","明治安田J1百年構想 プレーオフラウンド","第１戦第１日","2026/05/30","2026-05-30T17:00:00+09:00","長崎","vs","未定","ピースタ","","ＤＡＺＮ"
"2026","明治安田J1百年構想 プレーオフラウンド","第１戦第１日","2026/05/30","2026-05-30T19:00:00+09:00","京都","vs","未定","サンガＳ","","ＤＡＺＮ"
"2026","明治安田J2・J3百年構想 プレーオフラウンド","第１戦第１日","2026/05/30","2026-05-30T14:00:00+09:00","仙台","vs","未定","ユアスタ","","ＤＡＺＮ"
"2026","明治安田J2・J3百年構想 プレーオフラウンド","第１戦第１日","2026/05/30","2026-05-30T14:00:00+09:00","栃木C","vs","未定","ＣＦＳ","","ＤＡＺＮ"
"2026","明治安田J2・J3百年構想 プレーオフラウンド","第１戦第１日","2026/05/30","2026-05-30T14:00:00+09:00","横浜FC","vs","未定","ニッパツ","","ＤＡＺＮ"
"2026","明治安田J2・J3百年構想 プレーオフラウンド","第１戦第１日","2026/05/30","2026-05-30T14:00:00+09:00","湘南","vs","未定","レモンＳ","","ＤＡＺＮ"
"2026","明治安田J2・J3百年構想 プレーオフラウンド","第１戦第１日","2026/05/30","2026-05-30T14:00:00+09:00","相模原","vs","未定","ギオンス","","ＤＡＺＮ"
"2026","明治安田J2・J3百年構想 プレーオフラウンド","第１戦第１日","2026/05/30","2026-05-30T14:00:00+09:00","新潟","vs","未定","デンカＳ","","ＤＡＺＮ"
"2026","明治安田J2・J3百年構想 プレーオフラウンド","第１戦第１日","2026/05/30","2026-05-30T14:00:00+09:00","FC大阪","vs","未定","花園","","ＤＡＺＮ"
"2026","明治安田J2・J3百年構想 プレーオフラウンド","第１戦第１日","2026/05/30","2026-05-30T14:00:00+09:00","奈良","vs","未定","ロートＦ","","ＤＡＺＮ"
"2026","明治安田J2・J3百年構想 プレーオフラウンド","第１戦第１日","2026/05/30","2026-05-30T14:00:00+09:00","徳島","vs","未定","鳴門大塚","","ＤＡＺＮ"
"2026","明治安田J2・J3百年構想 プレーオフラウンド","第１戦第１日","2026/05/30","2026-05-30T14:00:00+09:00","高知","vs","未定","ギケンス","","ＤＡＺＮ"
"2026","明治安田J2・J3百年構想 プレーオフラウンド","第１戦第１日","2026/05/30","2026-05-30T16:00:00+09:00","愛媛","vs","未定","ニンスタ","","ＤＡＺＮ"
"2026","明治安田J1百年構想 プレーオフラウンド","第１戦第２日","2026/05/31","2026-05-31T14:00:00+09:00","清水","vs","未定","アイスタ","","ＤＡＺＮ"
"2026","明治安田J2・J3百年構想 プレーオフラウンド","第１戦第２日","2026/05/31","2026-05-31T14:00:00+09:00","秋田","vs","未定","ソユスタ","","ＤＡＺＮ"
"2026","明治安田J2・J3百年構想 プレーオフラウンド","第１戦第２日","2026/05/31","2026-05-31T14:00:00+09:00","山形","vs","未定","ＮＤスタ","","ＤＡＺＮ"
"2026","明治安田J2・J3百年構想 プレーオフラウンド","第１戦第２日","2026/05/31","2026-05-31T14:00:00+09:00","栃木SC","vs","未定","カンセキ","","ＤＡＺＮ"
"2026","明治安田J2・J3百年構想 プレーオフラウンド","第１戦第２日","2026/05/31","2026-05-31T14:00:00+09:00","群馬","vs","未定","正田スタ","","ＤＡＺＮ"
"2026","明治安田J2・J3百年構想 プレーオフラウンド","第１戦第２日","2026/05/31","2026-05-31T14:00:00+09:00","讃岐","vs","未定","メグスタ","","ＤＡＺＮ"
"2026","明治安田J2・J3百年構想 プレーオフラウンド","第１戦第２日","2026/05/31","2026-05-31T14:00:00+09:00","今治","vs","未定","アシさと","","ＤＡＺＮ"
"2026","明治安田J1百年構想 プレーオフラウンド","第２戦第１日","2026/06/06","2026-06-06T14:00:00+09:00","千葉","vs","未定","フクアリ","","ＤＡＺＮ"
"2026","明治安田J1百年構想 プレーオフラウンド","第２戦第１日","2026/06/06","2026-06-06T14:00:00+09:00","FC東京","vs","未定","MUFG国立","","ＤＡＺＮ"
"2026","明治安田J1百年構想 プレーオフラウンド","第２戦第１日","2026/06/06","2026-06-06T15:00:00+09:00","鹿島","vs","未定","メルスタ","","ＤＡＺＮ"
"2026","明治安田J1百年構想 プレーオフラウンド","第２戦第１日","2026/06/06","2026-06-06T15:00:00+09:00","水戸","vs","未定","Ｋｓスタ","","ＤＡＺＮ"
"2026","明治安田J1百年構想 プレーオフラウンド","第２戦第１日","2026/06/06","2026-06-06T15:00:00+09:00","町田","vs","未定","Ｇスタ","","ＤＡＺＮ"
"2026","明治安田J1百年構想 プレーオフラウンド","第２戦第１日","2026/06/06","2026-06-06T16:00:00+09:00","浦和","vs","未定","埼玉","","ＤＡＺＮ"
"2026","明治安田J1百年構想 プレーオフラウンド","第２戦第１日","2026/06/06","2026-06-06T16:00:00+09:00","東京V","vs","未定","味スタ","","ＤＡＺＮ"
"2026","明治安田J1百年構想 プレーオフラウンド","第２戦第１日","2026/06/06","2026-06-06T17:00:00+09:00","横浜FM","vs","未定","日産ス","","ＤＡＺＮ"
"2026","明治安田J1百年構想 プレーオフラウンド","第２戦第１日","2026/06/06","2026-06-06T18:00:00+09:00","柏","vs","未定","三協Ｆ柏","","ＤＡＺＮ"
"2026","明治安田J1百年構想 プレーオフラウンド","第２戦第１日","2026/06/06","2026-06-06T19:00:00+09:00","川崎F","vs","未定","Ｕ等々力","","ＤＡＺＮ"
"2026","明治安田J1百年構想 プレーオフラウンド","第１戦第３日","未定","1970-01-01T09:00:00+09:00","名古屋","vs","未定","●未定●","","ＤＡＺＮ"
"2026","明治安田J1百年構想 プレーオフラウンド","第１戦第３日","未定","1970-01-01T09:00:00+09:00","岡山","vs","未定","●未定●","","ＤＡＺＮ"
"2026","明治安田J2・J3百年構想 WEST-Aグループ","第１４節第３日","未定","1970-01-01T09:00:00+09:00","金沢","vs","富山","●未定●","","ＤＡＺＮ ※ツエーゲン金沢のホームスタジアムにおける一部設備破損の影響により、開催スタジアム未定となっています。決定次第お知らせします。"
"2026","明治安田J2・J3百年構想 WEST-Aグループ","第１８節第３日","未定","1970-01-01T09:00:00+09:00","金沢","vs","高知","●未定●","","ＤＡＺＮ ※ツエーゲン金沢のホームスタジアムにおける一部設備破損の影響により、開催スタジアム未定となっています。決定次第お知らせします。"
"2026","明治安田J2・J3百年構想 プレーオフラウンド","第１戦第３日","未定","1970-01-01T09:00:00+09:00","八戸","vs","未定","●未定●","","ＤＡＺＮ"
"2026","明治安田J2・J3百年構想 プレーオフラウンド","第１戦第３日","未定","1970-01-01T09:00:00+09:00","富山","vs","未定","●未定●","","ＤＡＺＮ"
"2026","明治安田J2・J3百年構想 プレーオフラウンド","第１戦第３日","未定","1970-01-01T09:00:00+09:00","金沢","vs","未定","●未定●","","ＤＡＺＮ"